,pdfId,pdfName,pdfURL,pdfSubmitter,ApplicationTitle,ApplicationTitleShort,ApplicationLink
0,337444,A0L2F6 - 002 Ekwan Post Construction Monitoring - Sept. 04,https://apps.cer-rec.gc.ca/REGDOCS/File/Download/337444,EnCana Ekwan Pipeline Inc.,2003-03-17 Application to Construct and Operate Ekwan Pipeline GH-1-2003,Application to Construct and Operate Ekwan Pipeline GH-1-2003,https://apps.cer-rec.gc.ca/REGDOCS/Item/View/268876
1,340413,A0L3K4 - Kwoen Facilities and Re-injection Extension Pipeline Post-Construction Environmental Report,https://apps.cer-rec.gc.ca/REGDOCS/File/Download/340413,"Westcoast Energy Inc., a Duke Energy company",2001-12-14 Application for the Kwoen Re-injection Extension Pipeline,Application for the Kwoen Re-injection Extension Pipeline,https://apps.cer-rec.gc.ca/REGDOCS/Item/View/139307
2,399963,A0T5H7 - Kwoen Re-injection Pipeline - 3rd Year Post-Construction Environmental Report,https://apps.cer-rec.gc.ca/REGDOCS/File/Download/399963,"Westcoast Energy Inc., carrying on business as Duke Energy Gas Transmission",2001-12-14 Application for the Kwoen Re-injection Extension Pipeline,Application for the Kwoen Re-injection Extension Pipeline,https://apps.cer-rec.gc.ca/REGDOCS/Item/View/139307
3,408901,A0U3V0 - 002 Post Construction Monitoring - August 2005_EnCana August 2005 Monitoring Report - May 2006,https://apps.cer-rec.gc.ca/REGDOCS/File/Download/408901,Alan K. Haskey,2003-03-17 Application to Construct and Operate Ekwan Pipeline GH-1-2003,Application to Construct and Operate Ekwan Pipeline GH-1-2003,https://apps.cer-rec.gc.ca/REGDOCS/Item/View/268876
4,476639,B-14R Appendix MPLA-SAPL IR 43 b) - TERA Post Construction (A1A3A2),https://apps.cer-rec.gc.ca/REGDOCS/File/Download/476639,Enbridge Pipelines Inc.,2007-05-30 - Application for the Alberta Clipper Expansion Project (OH-4-2007),Application for the Alberta Clipper Expansion Project ,https://apps.cer-rec.gc.ca/REGDOCS/Item/View/465178
5,485515,A1C1E9 - 2007 PCM Report Year 1,https://apps.cer-rec.gc.ca/REGDOCS/File/Download/485515,Husky Oil Operations Limited,2006-10-25 - Application for the Rainbow Bivouac Gas Pipeline Loop,Application for the Rainbow Bivouac Gas Pipeline Loop,https://apps.cer-rec.gc.ca/REGDOCS/Item/View/438887
6,485680,A1C1E6 - 2007 PCM Report Year 1,https://apps.cer-rec.gc.ca/REGDOCS/File/Download/485680,ConocoPhillips Canada,2006-03-15 - Application for Hiding Creek 10 Inch Gathering Pipeline,Application for Hiding Creek 10 Inch Gathering Pipeline,https://apps.cer-rec.gc.ca/REGDOCS/Item/View/401233
7,495406,A1D2H0 - Stittsville Post-Construction Monitoring Report - Part 1 of 3,https://apps.cer-rec.gc.ca/REGDOCS/File/Download/495406,TransCanada PipeLines Limited,2005-09-16 - Application for 2006 Eastern Mainline Expansion,Application for 2006 Eastern Mainline Expansion,https://apps.cer-rec.gc.ca/REGDOCS/Item/View/379850
8,538748,A1H6G5 - Post-Construction Monitoring Report Year 1,https://apps.cer-rec.gc.ca/REGDOCS/File/Download/538748,ConocoPhillips Canada,"2007-11-14 - Application for the Chinook Ridge 4"" Gathering Pipeline","Application for the Chinook Ridge 4"" Gathering Pipeline",https://apps.cer-rec.gc.ca/REGDOCS/Item/View/485442
9,538758,A1H6G8 - Post-Construction Monitoring Report Year 2,https://apps.cer-rec.gc.ca/REGDOCS/File/Download/538758,ConocoPhillips Canada,2006-03-15 - Application for Hiding Creek 10 Inch Gathering Pipeline,Application for Hiding Creek 10 Inch Gathering Pipeline,https://apps.cer-rec.gc.ca/REGDOCS/Item/View/401233
10,541478,A1H9Y3 - Year One Post-Construction Environmental Monitoring Report,https://apps.cer-rec.gc.ca/REGDOCS/File/Download/541478,Chantal St. Pierre,2004 -01-30 Application to Vary and transfer certificated and permits of NB Power to reflect new name,Application to Vary and transfer certificated and permits of NB Power to reflect new name,https://apps.cer-rec.gc.ca/REGDOCS/Item/View/309814
11,542497,A1I1H3 - PCM Report Year 1,https://apps.cer-rec.gc.ca/REGDOCS/File/Download/542497,EnCana Oil and Gas Co. Ltd.,2008-12-09 Application for transfer of Tupper South Pipeline Loop from EnCana Oil and Gas Co. Ltd to EnCana Corporation,Application for transfer of Tupper South Pipeline Loop from EnCana Oil and Gas Co. Ltd to EnCana Corporation,https://apps.cer-rec.gc.ca/REGDOCS/Item/View/542412
12,542507,A1I1H6 - PCM Report Year 1,https://apps.cer-rec.gc.ca/REGDOCS/File/Download/542507,EnCana Oil and Gas Co. Ltd.,2008-12-09 Application for transfer of Mid-Tupper Pipelines from EnCana Oil and Gas Co. Ltd to EnCana Corporation,Application for transfer of Mid-Tupper Pipelines from EnCana Oil and Gas Co. Ltd to EnCana Corporation,https://apps.cer-rec.gc.ca/REGDOCS/Item/View/542410
13,543507,A1I2L8 - PCM Report Year 2,https://apps.cer-rec.gc.ca/REGDOCS/File/Download/543507,Husky Oil Operations Ltd.,2006-10-25 - Application for the Rainbow Bivouac Gas Pipeline Loop,Application for the Rainbow Bivouac Gas Pipeline Loop,https://apps.cer-rec.gc.ca/REGDOCS/Item/View/438887
14,546501,A1I6K1 - TMX Anchor Loop As Built Report Pipeline,https://apps.cer-rec.gc.ca/REGDOCS/File/Download/546501,Trans Mountain Pipeline Inc.,2006-02-17 - Application for the TMX - Anchor Loop Project  (OH-1-2006),Application for the TMX - Anchor Loop Project  ,https://apps.cer-rec.gc.ca/REGDOCS/Item/View/399196
15,546504,A1I6K2 - TMX Anchor Loop As Built Report Facilities,https://apps.cer-rec.gc.ca/REGDOCS/File/Download/546504,Trans Mountain Pipeline Inc.,2006-02-17 - Application for the TMX - Anchor Loop Project  (OH-1-2006),Application for the TMX - Anchor Loop Project  ,https://apps.cer-rec.gc.ca/REGDOCS/Item/View/399196
16,550970,A1J1L7 - TMX Anchor Loop As Built Report Revisions,https://apps.cer-rec.gc.ca/REGDOCS/File/Download/550970,Trans Mountain Pipeline ULC,2006-02-17 - Application for the TMX - Anchor Loop Project  (OH-1-2006),Application for the TMX - Anchor Loop Project  ,https://apps.cer-rec.gc.ca/REGDOCS/Item/View/399196
17,564103,A1K6I3 - Post-Construction Environmental Report 1 - Brunswick Pipeline Project,https://apps.cer-rec.gc.ca/REGDOCS/File/Download/564103,Emera Brunswick Pipeline Company Ltd,2006-05-23 - Application for the Brunswick Pipeline Project (GH-1-2006),Application for the Brunswick Pipeline Project ,https://apps.cer-rec.gc.ca/REGDOCS/Item/View/408789
18,579444,A1Q4C7 - Year 2 PCM_rep,https://apps.cer-rec.gc.ca/REGDOCS/File/Download/579444,ConocoPhillips Canada,"2007-11-14 - Application for the Chinook Ridge 4"" Gathering Pipeline","Application for the Chinook Ridge 4"" Gathering Pipeline",https://apps.cer-rec.gc.ca/REGDOCS/Item/View/485442
19,582330,A1Q7Q1 - PCEM Year 1_rep,https://apps.cer-rec.gc.ca/REGDOCS/File/Download/582330,Spectra Energy Transmission,2004-12-15 - Application for the Pesh Creek Pipeline Loop,Application for the Pesh Creek Pipeline Loop,https://apps.cer-rec.gc.ca/REGDOCS/Item/View/343008
20,587012,A1R0T7 - Tupper South_Year 2 PCM_rep,https://apps.cer-rec.gc.ca/REGDOCS/File/Download/587012,EnCana Corporation,2005-08-12 - Application for the Mid-Tupper Pipelines,Application for the Mid-Tupper Pipelines,https://apps.cer-rec.gc.ca/REGDOCS/Item/View/376486
21,587053,A1R0U0 - Mid Tupper_Year 2 PCM_rep,https://apps.cer-rec.gc.ca/REGDOCS/File/Download/587053,EnCana Corporation,2005-07-11 - Application for Tupper South Pipeline Loop,Application for Tupper South Pipeline Loop,https://apps.cer-rec.gc.ca/REGDOCS/Item/View/371483
22,587541,A1R1Q7 - TM AL Post Construction Monitoring Report Part 1,https://apps.cer-rec.gc.ca/REGDOCS/File/Download/587541,Trans Mountain Pipeline ULC,2006-02-17 - Application for the TMX - Anchor Loop Project  (OH-1-2006),Application for the TMX - Anchor Loop Project  ,https://apps.cer-rec.gc.ca/REGDOCS/Item/View/399196
23,587746,A1R1Q8 - TM AL Post Construction Monitoring Report Part 2,https://apps.cer-rec.gc.ca/REGDOCS/File/Download/587746,Trans Mountain Pipeline ULC,2006-02-17 - Application for the TMX - Anchor Loop Project  (OH-1-2006),Application for the TMX - Anchor Loop Project  ,https://apps.cer-rec.gc.ca/REGDOCS/Item/View/399196
24,587755,A1R1R1 - TM AL Post Construction Monitoring Report Part 5,https://apps.cer-rec.gc.ca/REGDOCS/File/Download/587755,Trans Mountain Pipeline ULC,2006-02-17 - Application for the TMX - Anchor Loop Project  (OH-1-2006),Application for the TMX - Anchor Loop Project  ,https://apps.cer-rec.gc.ca/REGDOCS/Item/View/399196
25,587758,A1R1R2 - TM AL Post Construction Monitoring Report Part 6,https://apps.cer-rec.gc.ca/REGDOCS/File/Download/587758,Trans Mountain Pipeline ULC,2006-02-17 - Application for the TMX - Anchor Loop Project  (OH-1-2006),Application for the TMX - Anchor Loop Project  ,https://apps.cer-rec.gc.ca/REGDOCS/Item/View/399196
26,587761,A1R1R3 - TM AL Post Construction Monitoring Report Part 7,https://apps.cer-rec.gc.ca/REGDOCS/File/Download/587761,Trans Mountain Pipeline ULC,2006-02-17 - Application for the TMX - Anchor Loop Project  (OH-1-2006),Application for the TMX - Anchor Loop Project  ,https://apps.cer-rec.gc.ca/REGDOCS/Item/View/399196
27,587764,A1R1R4 - TM AL Post Construction Monitoring Report Part 8,https://apps.cer-rec.gc.ca/REGDOCS/File/Download/587764,Trans Mountain Pipeline ULC,2006-02-17 - Application for the TMX - Anchor Loop Project  (OH-1-2006),Application for the TMX - Anchor Loop Project  ,https://apps.cer-rec.gc.ca/REGDOCS/Item/View/399196
28,588209,A1R2H1 - Murphy Tupper Pipeline PCMP - 2009 Report Body,https://apps.cer-rec.gc.ca/REGDOCS/File/Download/588209,"Angela Pohl, Murphy Oil Company",2007-11-13 - Application for Construction and Operation of Tupper Pipeline,Application for Construction and Operation of Tupper Pipeline,https://apps.cer-rec.gc.ca/REGDOCS/Item/View/485571
29,588320,A1R2H4 - Murphy Tupper Pipeline PCMP - 2009 Report Appendicies II to V,https://apps.cer-rec.gc.ca/REGDOCS/File/Download/588320,"Angela Pohl, Murphy Oil Company",2007-11-13 - Application for Construction and Operation of Tupper Pipeline,Application for Construction and Operation of Tupper Pipeline,https://apps.cer-rec.gc.ca/REGDOCS/Item/View/485571
30,590448,A1R3S1 - Post Construction Environmental Monitoring Report - Year 1 (2009) - Line 4 Extension Project,https://apps.cer-rec.gc.ca/REGDOCS/File/Download/590448,Enbridge Pipelines Inc.,2007-06-28 - Application for the Line 4 Extension Project (OH-5-2007),Application for the Line 4 Extension Project ,https://apps.cer-rec.gc.ca/REGDOCS/Item/View/469094
31,590867,A1R3S5 - Post Construction Environmental Monitoring Report - Year 1 (2009) - Southern Lights LSr Pipeline,https://apps.cer-rec.gc.ca/REGDOCS/File/Download/590867,"Enbridge Southern Lights GP Inc., on behalf of Enbridge Southern Lights LP, and Enbridge Pipelines Inc.","2007-03-09 - Application for Line 13 Transfer, Line 13 Reversal and Capacity Replacement for the Southern Lights Project (OH-3-2007)","Application for Line 13 Transfer, Line 13 Reversal and Capacity Replacement for the Southern Lights Project ",https://apps.cer-rec.gc.ca/REGDOCS/Item/View/456607
32,594994,A1R7K0 - Addendum to Post-Construction Environmental Report #1,https://apps.cer-rec.gc.ca/REGDOCS/File/Download/594994,Emera Brunswick Pipeline Company Ltd,2006-05-23 - Application for the Brunswick Pipeline Project (GH-1-2006),Application for the Brunswick Pipeline Project ,https://apps.cer-rec.gc.ca/REGDOCS/Item/View/408789
33,601829,A1R9K4 - Environmental Report,https://apps.cer-rec.gc.ca/REGDOCS/File/Download/601829,Énergie NB Power,2004 -01-30 Application to Vary and transfer certificated and permits of NB Power to reflect new name,Application to Vary and transfer certificated and permits of NB Power to reflect new name,https://apps.cer-rec.gc.ca/REGDOCS/Item/View/309814
34,659769,A1X0H2 - PCMP Murphy Tupper PL - Dec2010 - Report Body,https://apps.cer-rec.gc.ca/REGDOCS/File/Download/659769,Murphy Oil Company Limited,2007-11-13 - Application for Construction and Operation of Tupper Pipeline,Application for Construction and Operation of Tupper Pipeline,https://apps.cer-rec.gc.ca/REGDOCS/Item/View/485571
35,659956,A1X0H6 - PCMP Murphy Tupper PL - Dec2010 - Appendix C and D,https://apps.cer-rec.gc.ca/REGDOCS/File/Download/659956,Murphy Oil Company Limited,2007-11-13 - Application for Construction and Operation of Tupper Pipeline,Application for Construction and Operation of Tupper Pipeline,https://apps.cer-rec.gc.ca/REGDOCS/Item/View/485571
36,664705,A1X3E0 - Year 2 Post-Construction Environmental Monitoring Report,https://apps.cer-rec.gc.ca/REGDOCS/File/Download/664705,Spectra Energy Transmission,2004-12-15 - Application for the Pesh Creek Pipeline Loop,Application for the Pesh Creek Pipeline Loop,https://apps.cer-rec.gc.ca/REGDOCS/Item/View/343008
37,664925,A1X3D7 - Year 1 Post-Construction Environmental Monitoring Report,https://apps.cer-rec.gc.ca/REGDOCS/File/Download/664925,ARC Resources Ltd,2008-07-09 - Application for Saddle Hills Pipeline Loop construction,Application for Saddle Hills Pipeline Loop construction,https://apps.cer-rec.gc.ca/REGDOCS/Item/View/522398
38,665506,A1X4H2 - Post Construction Environmental Monitoring Report - Year 1 - Spread 2 - Alberta Clipper Project,https://apps.cer-rec.gc.ca/REGDOCS/File/Download/665506,Enbridge Pipelines Inc,2007-05-30 - Application for the Alberta Clipper Expansion Project (OH-4-2007),Application for the Alberta Clipper Expansion Project ,https://apps.cer-rec.gc.ca/REGDOCS/Item/View/465178
39,665524,A1X4J5 - PCEM Report - Year 2 (2010) re Southern Lights Project LSr Pipeline,https://apps.cer-rec.gc.ca/REGDOCS/File/Download/665524,"Enbridge Southern Lights GP Inc., on behalf of Enbridge Southern Lights LP, and Enbridge Pipelines","2007-03-09 - Application for Line 13 Transfer, Line 13 Reversal and Capacity Replacement for the Southern Lights Project (OH-3-2007)","Application for Line 13 Transfer, Line 13 Reversal and Capacity Replacement for the Southern Lights Project ",https://apps.cer-rec.gc.ca/REGDOCS/Item/View/456607
40,665622,A1X4H3 - Post Construction Environmental Monitoring Report - Year 1 - Spread 3 - Alberta Clipper Project,https://apps.cer-rec.gc.ca/REGDOCS/File/Download/665622,Enbridge Pipelines Inc,2007-05-30 - Application for the Alberta Clipper Expansion Project (OH-4-2007),Application for the Alberta Clipper Expansion Project ,https://apps.cer-rec.gc.ca/REGDOCS/Item/View/465178
41,665625,A1X4H4 - Post Construction Environmental Monitoring Report - Year 1 - Spread 4 - Alberta Clipper Project,https://apps.cer-rec.gc.ca/REGDOCS/File/Download/665625,Enbridge Pipelines Inc,2007-05-30 - Application for the Alberta Clipper Expansion Project (OH-4-2007),Application for the Alberta Clipper Expansion Project ,https://apps.cer-rec.gc.ca/REGDOCS/Item/View/465178
42,665628,A1X4H5 - Post Construction Environmental Monitoring Report - Year 1 - Spread 5 - Alberta Clipper Project,https://apps.cer-rec.gc.ca/REGDOCS/File/Download/665628,Enbridge Pipelines Inc,2007-05-30 - Application for the Alberta Clipper Expansion Project (OH-4-2007),Application for the Alberta Clipper Expansion Project ,https://apps.cer-rec.gc.ca/REGDOCS/Item/View/465178
43,665695,A1X4H0 - Post Construction Environmental Monitoring Report - Year 1  - Alberta Clipper Project,https://apps.cer-rec.gc.ca/REGDOCS/File/Download/665695,Enbridge Pipelines Inc,2007-05-30 - Application for the Alberta Clipper Expansion Project (OH-4-2007),Application for the Alberta Clipper Expansion Project ,https://apps.cer-rec.gc.ca/REGDOCS/Item/View/465178
44,665698,A1X4H1 - Post Construction Environmental Monitoring Report - Year 1 - Facilities - Alberta Clipper Project,https://apps.cer-rec.gc.ca/REGDOCS/File/Download/665698,Enbridge Pipelines Inc,2007-05-30 - Application for the Alberta Clipper Expansion Project (OH-4-2007),Application for the Alberta Clipper Expansion Project ,https://apps.cer-rec.gc.ca/REGDOCS/Item/View/465178
45,665706,A1X4I9 - Post Construction Environmental Monitoring Report - Year 2 (2010) - Line 4 Extension Project,https://apps.cer-rec.gc.ca/REGDOCS/File/Download/665706,Enbridge Pipelines Inc.,2007-06-28 - Application for the Line 4 Extension Project (OH-5-2007),Application for the Line 4 Extension Project ,https://apps.cer-rec.gc.ca/REGDOCS/Item/View/469094
46,665732,A1X4H6 - Post Construction Environmental Monitoring Report - Year 1 - Spread 6 - Alberta Clipper Project,https://apps.cer-rec.gc.ca/REGDOCS/File/Download/665732,Enbridge Pipelines Inc,2007-05-30 - Application for the Alberta Clipper Expansion Project (OH-4-2007),Application for the Alberta Clipper Expansion Project ,https://apps.cer-rec.gc.ca/REGDOCS/Item/View/465178
47,665735,A1X4H7 -  Post Construction Environmental Monitoring Report - Year 1 - Spread 7 - Alberta Clipper Project,https://apps.cer-rec.gc.ca/REGDOCS/File/Download/665735,Enbridge Pipelines Inc,2007-05-30 - Application for the Alberta Clipper Expansion Project (OH-4-2007),Application for the Alberta Clipper Expansion Project ,https://apps.cer-rec.gc.ca/REGDOCS/Item/View/465178
48,665738,A1X4H8 - Post Construction Environmental Monitoring Report - Year 1 - Spread 8 - Alberta Clipper Project,https://apps.cer-rec.gc.ca/REGDOCS/File/Download/665738,Enbridge Pipelines Inc,2007-05-30 - Application for the Alberta Clipper Expansion Project (OH-4-2007),Application for the Alberta Clipper Expansion Project ,https://apps.cer-rec.gc.ca/REGDOCS/Item/View/465178
49,665741,A1X4H9 - Post Construction Environmental Monitoring Report - Year 1 - Spread 10 - Alberta Clipper Project,https://apps.cer-rec.gc.ca/REGDOCS/File/Download/665741,Enbridge Pipelines Inc,2007-05-30 - Application for the Alberta Clipper Expansion Project (OH-4-2007),Application for the Alberta Clipper Expansion Project ,https://apps.cer-rec.gc.ca/REGDOCS/Item/View/465178
50,665744,A1X4I0 - Post Construction Environmental Monitoring Report - Year 1 - Spread 12 - Alberta Clipper Project,https://apps.cer-rec.gc.ca/REGDOCS/File/Download/665744,Enbridge Pipelines Inc,2007-05-30 - Application for the Alberta Clipper Expansion Project (OH-4-2007),Application for the Alberta Clipper Expansion Project ,https://apps.cer-rec.gc.ca/REGDOCS/Item/View/465178
51,665868,A1X4S6 - Year 1 Post Construction Environmental Monitoring Report,https://apps.cer-rec.gc.ca/REGDOCS/File/Download/665868,TransCanada Keystone Pipeline GP Ltd,2006-12-12 - Application for the Keystone Pipeline (OH-1-2007),Application for the Keystone Pipeline ,https://apps.cer-rec.gc.ca/REGDOCS/Item/View/446070
52,666789,A1X5R1 - REVISED - Year 1 Post Construction Environmental Monitoring Report,https://apps.cer-rec.gc.ca/REGDOCS/File/Download/666789,TransCanada Keystone Pipeline GP Ltd,2006-12-12 - Application for the Keystone Pipeline (OH-1-2007),Application for the Keystone Pipeline ,https://apps.cer-rec.gc.ca/REGDOCS/Item/View/446070
53,666983,A1X5V0 - 2011-02-07 - Year 1 Post Construction Environmental Monitoring Report - Revised Table 7,https://apps.cer-rec.gc.ca/REGDOCS/File/Download/666983,TransCanada Keystone Pipeline GP Ltd,2006-12-12 - Application for the Keystone Pipeline (OH-1-2007),Application for the Keystone Pipeline ,https://apps.cer-rec.gc.ca/REGDOCS/Item/View/446070
54,774795,A2K1E1 - DMJW-O00-RP-EH-90-0003-03U 2011 Onshore Pipeline EEM Report,https://apps.cer-rec.gc.ca/REGDOCS/File/Download/774795,Encana Corporation,2006-11-08  Application for the Deep Panuke Offshore Gas Development Project (GH-2-2006),Application for the Deep Panuke Offshore Gas Development Project ,https://apps.cer-rec.gc.ca/REGDOCS/Item/View/441384
55,775890,A2K2R0 - 1114920191-001-R-RevA-3rdPCMP 9DEC_11_Part14,https://apps.cer-rec.gc.ca/REGDOCS/File/Download/775890,Murphy Oil Company Ltd.,2007-11-13 - Application for Construction and Operation of Tupper Pipeline,Application for Construction and Operation of Tupper Pipeline,https://apps.cer-rec.gc.ca/REGDOCS/Item/View/485571
56,775972,A2K2L7 - 1114920191-001-R-RevA-3rdPCMP 9DEC_11_Part1,https://apps.cer-rec.gc.ca/REGDOCS/File/Download/775972,Murphy Oil Company Ltd.,2007-11-13 - Application for Construction and Operation of Tupper Pipeline,Application for Construction and Operation of Tupper Pipeline,https://apps.cer-rec.gc.ca/REGDOCS/Item/View/485571
57,775975,A2K2L8 - 1114920191-001-R-RevA-3rdPCMP 9DEC_11_Part2,https://apps.cer-rec.gc.ca/REGDOCS/File/Download/775975,Murphy Oil Company Ltd.,2007-11-13 - Application for Construction and Operation of Tupper Pipeline,Application for Construction and Operation of Tupper Pipeline,https://apps.cer-rec.gc.ca/REGDOCS/Item/View/485571
58,775978,A2K2L9 - 1114920191-001-R-RevA-3rdPCMP 9DEC_11_Part3,https://apps.cer-rec.gc.ca/REGDOCS/File/Download/775978,Murphy Oil Company Ltd.,2007-11-13 - Application for Construction and Operation of Tupper Pipeline,Application for Construction and Operation of Tupper Pipeline,https://apps.cer-rec.gc.ca/REGDOCS/Item/View/485571
59,775981,A2K2Q0 - 1114920191-001-R-RevA-3rdPCMP 9DEC_11_Part4,https://apps.cer-rec.gc.ca/REGDOCS/File/Download/775981,Murphy Oil Company Ltd.,2007-11-13 - Application for Construction and Operation of Tupper Pipeline,Application for Construction and Operation of Tupper Pipeline,https://apps.cer-rec.gc.ca/REGDOCS/Item/View/485571
60,779239,A2K6J9 - 2011 TM Anchor Loop Post Construction Monitoring Report 1 of 14,https://apps.cer-rec.gc.ca/REGDOCS/File/Download/779239,Trans Mountain Pipeline ULC,2006-02-17 - Application for the TMX - Anchor Loop Project  (OH-1-2006),Application for the TMX - Anchor Loop Project  ,https://apps.cer-rec.gc.ca/REGDOCS/Item/View/399196
61,779242,A2K6K6 - 2011 TM Anchor Loop Post Construction Monitoring Report 8 of 14,https://apps.cer-rec.gc.ca/REGDOCS/File/Download/779242,Trans Mountain Pipeline ULC,2006-02-17 - Application for the TMX - Anchor Loop Project  (OH-1-2006),Application for the TMX - Anchor Loop Project  ,https://apps.cer-rec.gc.ca/REGDOCS/Item/View/399196
62,779245,A2K6K7 - 2011 TM Anchor Loop Post Construction Monitoring Report 9 of 14,https://apps.cer-rec.gc.ca/REGDOCS/File/Download/779245,Trans Mountain Pipeline ULC,2006-02-17 - Application for the TMX - Anchor Loop Project  (OH-1-2006),Application for the TMX - Anchor Loop Project  ,https://apps.cer-rec.gc.ca/REGDOCS/Item/View/399196
63,779302,A2K6K4 - 2011 TM Anchor Loop Post Construction Monitoring Report 6 of 14,https://apps.cer-rec.gc.ca/REGDOCS/File/Download/779302,Trans Mountain Pipeline ULC,2006-02-17 - Application for the TMX - Anchor Loop Project  (OH-1-2006),Application for the TMX - Anchor Loop Project  ,https://apps.cer-rec.gc.ca/REGDOCS/Item/View/399196
64,779305,A2K6K5 - 2011 TM Anchor Loop Post Construction Monitoring Report 7 of 14,https://apps.cer-rec.gc.ca/REGDOCS/File/Download/779305,Trans Mountain Pipeline ULC,2006-02-17 - Application for the TMX - Anchor Loop Project  (OH-1-2006),Application for the TMX - Anchor Loop Project  ,https://apps.cer-rec.gc.ca/REGDOCS/Item/View/399196
65,779359,A2K6K3 - 2011 TM Anchor Loop Post Construction Monitoring Report 5 of 14,https://apps.cer-rec.gc.ca/REGDOCS/File/Download/779359,Trans Mountain Pipeline ULC,2006-02-17 - Application for the TMX - Anchor Loop Project  (OH-1-2006),Application for the TMX - Anchor Loop Project  ,https://apps.cer-rec.gc.ca/REGDOCS/Item/View/399196
66,779362,A2K6L0 - 2011 TM Anchor Loop Post Construction Monitoring Report 12 of 14,https://apps.cer-rec.gc.ca/REGDOCS/File/Download/779362,Trans Mountain Pipeline ULC,2006-02-17 - Application for the TMX - Anchor Loop Project  (OH-1-2006),Application for the TMX - Anchor Loop Project  ,https://apps.cer-rec.gc.ca/REGDOCS/Item/View/399196
67,781319,A2K9D8 - C111122 - PCMR (Year One) Report Body,https://apps.cer-rec.gc.ca/REGDOCS/File/Download/781319,Lone Pine Resources Ltd.,2009-11-18 – Application for the Ojay Pipeline Project,Application for the Ojay Pipeline Project,https://apps.cer-rec.gc.ca/REGDOCS/Item/View/582653
68,782002,A2L0D2 - SLR Site Assessment and Recommendations - Area of Concern - Alberta Clipper,https://apps.cer-rec.gc.ca/REGDOCS/File/Download/782002,Enbridge Pipelines Inc.,2007-05-30 - Application for the Alberta Clipper Expansion Project (OH-4-2007),Application for the Alberta Clipper Expansion Project ,https://apps.cer-rec.gc.ca/REGDOCS/Item/View/465178
69,786043,A2L6J2 - Appendix B - 2011 Environmental Issues List - LSr Pipeline Southern Lights Project,https://apps.cer-rec.gc.ca/REGDOCS/File/Download/786043,Enbridge Southern Lights GP Inc. on behalf of Enbridge Southern Lights LP and Enbridge Pipelines Inc.,"2007-03-09 - Application for Line 13 Transfer, Line 13 Reversal and Capacity Replacement for the Southern Lights Project (OH-3-2007)","Application for Line 13 Transfer, Line 13 Reversal and Capacity Replacement for the Southern Lights Project ",https://apps.cer-rec.gc.ca/REGDOCS/Item/View/456607
70,786064,A2L6L8 - Appendix D1 - Assurance of  Voluntary Compliance,https://apps.cer-rec.gc.ca/REGDOCS/File/Download/786064,Enbridge Pipelines Inc.,2007-05-30 - Application for the Alberta Clipper Expansion Project (OH-4-2007),Application for the Alberta Clipper Expansion Project ,https://apps.cer-rec.gc.ca/REGDOCS/Item/View/465178
71,786154,A2L6J1 - Appendix A - Summary of Post Construction Monitoring Table - LSr Pipeline Southern Lights Project,https://apps.cer-rec.gc.ca/REGDOCS/File/Download/786154,Enbridge Southern Lights GP Inc. on behalf of Enbridge Southern Lights LP and Enbridge Pipelines Inc.,"2007-03-09 - Application for Line 13 Transfer, Line 13 Reversal and Capacity Replacement for the Southern Lights Project (OH-3-2007)","Application for Line 13 Transfer, Line 13 Reversal and Capacity Replacement for the Southern Lights Project ",https://apps.cer-rec.gc.ca/REGDOCS/Item/View/456607
72,786212,A2L6F5 - Post Construction Environmental Monitoring Report - Year 3 - Line 4 Extension Project,https://apps.cer-rec.gc.ca/REGDOCS/File/Download/786212,Enbridge Pipelines Inc.,2007-06-28 - Application for the Line 4 Extension Project (OH-5-2007),Application for the Line 4 Extension Project ,https://apps.cer-rec.gc.ca/REGDOCS/Item/View/469094
73,786267,A2L6L5 - Appendix A - Summary of 2011 Post Construction Monitoring for Alberta Clipper Project,https://apps.cer-rec.gc.ca/REGDOCS/File/Download/786267,Enbridge Pipelines Inc.,2007-05-30 - Application for the Alberta Clipper Expansion Project (OH-4-2007),Application for the Alberta Clipper Expansion Project ,https://apps.cer-rec.gc.ca/REGDOCS/Item/View/465178
74,786270,A2L6L6 - Appendix B - 2011 Environmental Issues List for Alberta Clipper Project,https://apps.cer-rec.gc.ca/REGDOCS/File/Download/786270,Enbridge Pipelines Inc.,2007-05-30 - Application for the Alberta Clipper Expansion Project (OH-4-2007),Application for the Alberta Clipper Expansion Project ,https://apps.cer-rec.gc.ca/REGDOCS/Item/View/465178
75,786777,A2L7Q4 - Albright Crossover Post-Constr Monitoring Part 1,https://apps.cer-rec.gc.ca/REGDOCS/File/Download/786777,NOVA Gas Transmission Ltd. (NGTL),2009-05-29 - Application for Albright North Crossover,Application for Albright North Crossover,https://apps.cer-rec.gc.ca/REGDOCS/Item/View/558435
76,786908,A2L7R5 - 2012-01-31 - Keystone Year 2 Post Construction Environmental Monitoring Report - part1,https://apps.cer-rec.gc.ca/REGDOCS/File/Download/786908,TransCanada Keystone Pipeline GP Ltd.,2006-12-12 - Application for the Keystone Pipeline (OH-1-2007),Application for the Keystone Pipeline ,https://apps.cer-rec.gc.ca/REGDOCS/Item/View/446070
77,786948,A2L7R9 - 2012-01-31 - Keystone Year 1 Post Construction Environmental Monitoring Report,https://apps.cer-rec.gc.ca/REGDOCS/File/Download/786948,TransCanada Keystone Pipeline GP Ltd.,2007-11-23 - Application for the Cushing Expansion (OH-1-2008),Application for the Cushing Expansion ,https://apps.cer-rec.gc.ca/REGDOCS/Item/View/486602
78,786964,A2L7S9 - Second Year Post-Construction Environmental Monitoring Report pursuant to condition 6 of Order XG-W102-04-2009,https://apps.cer-rec.gc.ca/REGDOCS/File/Download/786964,"Westcoast Energy Inc., carrying on business as Spectra Energy Transmission (""Westcoast"")",2009-04-21 - Application for the North Maxhamish Loop Project,Application for the North Maxhamish Loop Project,https://apps.cer-rec.gc.ca/REGDOCS/Item/View/554349
79,807169,A2S0J6 - NGTL Doe Creek Lateral Loop_PCMP 1st Year Monitoring_April 2012,https://apps.cer-rec.gc.ca/REGDOCS/File/Download/807169,NOVA Gas Transmission Ltd.,2010-03-09 – Application for the Doe Creek Lateral Loop and Henderson Creek Lateral Loop No. 3,Application for the Doe Creek Lateral Loop and Henderson Creek Lateral Loop No. 3,https://apps.cer-rec.gc.ca/REGDOCS/Item/View/605009
80,807172,A2S0J7 - Henderson Creek Lateral Loop No 3 PCMP Report Part 1 of 4,https://apps.cer-rec.gc.ca/REGDOCS/File/Download/807172,NOVA Gas Transmission Ltd.,2010-03-09 – Application for the Doe Creek Lateral Loop and Henderson Creek Lateral Loop No. 3,Application for the Doe Creek Lateral Loop and Henderson Creek Lateral Loop No. 3,https://apps.cer-rec.gc.ca/REGDOCS/Item/View/605009
81,807181,A2S0K0 - Henderson Creek Lateral Loop No 3 PCMP Report Part 4 of 4,https://apps.cer-rec.gc.ca/REGDOCS/File/Download/807181,NOVA Gas Transmission Ltd.,2010-03-09 – Application for the Doe Creek Lateral Loop and Henderson Creek Lateral Loop No. 3,Application for the Doe Creek Lateral Loop and Henderson Creek Lateral Loop No. 3,https://apps.cer-rec.gc.ca/REGDOCS/Item/View/605009
82,807339,A2S0X0 - Final Post Construction Environmental Monitoring Report for Saddle Hills Pipeline Loop,https://apps.cer-rec.gc.ca/REGDOCS/File/Download/807339,ARC Resources Ltd.,2008-04-11 - Preliminary Information to construct  the Saddle Hills Pipeline Loop,Preliminary Information to construct  the Saddle Hills Pipeline Loop,https://apps.cer-rec.gc.ca/REGDOCS/Item/View/506603
83,807947,A2S1R3 - Bear River West Lateral Loop - First Year Post-Construction Monitoring Report,https://apps.cer-rec.gc.ca/REGDOCS/File/Download/807947,NOVA Gas Transmission Ltd.,2010-05-07 - Application for the Bear River West Lateral Loop,Application for the Bear River West Lateral Loop,https://apps.cer-rec.gc.ca/REGDOCS/Item/View/618920
84,877194,A3C6L8 - Horn River PCMP Report - Part 1,https://apps.cer-rec.gc.ca/REGDOCS/File/Download/877194,NOVA Gas Transmission Ltd.,2010-02-19 – Application for the Horn River Project (GH-2-2010),Application for the Horn River Project ,https://apps.cer-rec.gc.ca/REGDOCS/Item/View/601085
85,877517,A3C6Q4 - Horn River PCMP Report - Part 7,https://apps.cer-rec.gc.ca/REGDOCS/File/Download/877517,NOVA Gas Transmission Ltd.,2010-02-19 – Application for the Horn River Project (GH-2-2010),Application for the Horn River Project ,https://apps.cer-rec.gc.ca/REGDOCS/Item/View/601085
86,905316,A3E8G5 - 8154_2012_AnchorLoop_ PCM_NEB_Pt05of21,https://apps.cer-rec.gc.ca/REGDOCS/File/Download/905316,Trans Mountain Pipeline ULC,2006-02-17 - Application for the TMX - Anchor Loop Project  (OH-1-2006),Application for the TMX - Anchor Loop Project  ,https://apps.cer-rec.gc.ca/REGDOCS/Item/View/399196
87,905319,A3E8G6 - 8154_2012_AnchorLoop_ PCM_NEB_Pt06of21,https://apps.cer-rec.gc.ca/REGDOCS/File/Download/905319,Trans Mountain Pipeline ULC,2006-02-17 - Application for the TMX - Anchor Loop Project  (OH-1-2006),Application for the TMX - Anchor Loop Project  ,https://apps.cer-rec.gc.ca/REGDOCS/Item/View/399196
88,905322,A3E8G7 - 8154_2012_AnchorLoop_ PCM_NEB_Pt07of21,https://apps.cer-rec.gc.ca/REGDOCS/File/Download/905322,Trans Mountain Pipeline ULC,2006-02-17 - Application for the TMX - Anchor Loop Project  (OH-1-2006),Application for the TMX - Anchor Loop Project  ,https://apps.cer-rec.gc.ca/REGDOCS/Item/View/399196
89,905732,A3E8G8 - 8154_2012_AnchorLoop_ PCM_NEB_Pt08of21,https://apps.cer-rec.gc.ca/REGDOCS/File/Download/905732,Trans Mountain Pipeline ULC,2006-02-17 - Application for the TMX - Anchor Loop Project  (OH-1-2006),Application for the TMX - Anchor Loop Project  ,https://apps.cer-rec.gc.ca/REGDOCS/Item/View/399196
90,905735,A3E8G9 - 8154_2012_AnchorLoop_ PCM_NEB_Pt09of21,https://apps.cer-rec.gc.ca/REGDOCS/File/Download/905735,Trans Mountain Pipeline ULC,2006-02-17 - Application for the TMX - Anchor Loop Project  (OH-1-2006),Application for the TMX - Anchor Loop Project  ,https://apps.cer-rec.gc.ca/REGDOCS/Item/View/399196
91,905931,A3E8G1 - 8154_2012_AnchorLoop_ PCM_NEB_Pt01of21,https://apps.cer-rec.gc.ca/REGDOCS/File/Download/905931,Trans Mountain Pipeline ULC,2006-02-17 - Application for the TMX - Anchor Loop Project  (OH-1-2006),Application for the TMX - Anchor Loop Project  ,https://apps.cer-rec.gc.ca/REGDOCS/Item/View/399196
92,905937,A3E8H0 - 8154_2012_AnchorLoop_ PCM_NEB_Pt10of21,https://apps.cer-rec.gc.ca/REGDOCS/File/Download/905937,Trans Mountain Pipeline ULC,2006-02-17 - Application for the TMX - Anchor Loop Project  (OH-1-2006),Application for the TMX - Anchor Loop Project  ,https://apps.cer-rec.gc.ca/REGDOCS/Item/View/399196
93,911947,A3F0D9 - 2013-01-29 Keystone Year 2 Environmental Monitoring Report,https://apps.cer-rec.gc.ca/REGDOCS/File/Download/911947,TransCanada Keystone Pipeline GP Ltd.,2007-11-23 - Application for the Cushing Expansion (OH-1-2008),Application for the Cushing Expansion ,https://apps.cer-rec.gc.ca/REGDOCS/Item/View/486602
94,911956,A3F0E3 - 2013-01-29 Keystone Year 3 Environmental Monitoring Report,https://apps.cer-rec.gc.ca/REGDOCS/File/Download/911956,TransCanada Keystone Pipeline GP Ltd.,2006-12-12 - Application for the Keystone Pipeline (OH-1-2007),Application for the Keystone Pipeline ,https://apps.cer-rec.gc.ca/REGDOCS/Item/View/446070
95,912073,A3F0I0 - First Year Post-construction Environmental Monitoring Report pursuant to condition 5 of XG-W102-10-2010,https://apps.cer-rec.gc.ca/REGDOCS/File/Download/912073,"Westcoast Energy Inc., carrying on business as Spectra Energy Transmission (""Westcoast"")",2010-02-01 - Application for South Maxhamish Loop Project,Application for South Maxhamish Loop Project,https://apps.cer-rec.gc.ca/REGDOCS/Item/View/593411
96,912394,A3F0J3 - Third Year Supplemental Report pursuant to condition 6 of XG-W102-04-2009,https://apps.cer-rec.gc.ca/REGDOCS/File/Download/912394,"Westcoast Energy Inc., carrying on business as Spectra Energy Transmission (""Westcoast"")",2009-04-21 - Application for the North Maxhamish Loop Project,Application for the North Maxhamish Loop Project,https://apps.cer-rec.gc.ca/REGDOCS/Item/View/554349
97,913913,A3F0K7 - Southern Lights PCEM Report Year 4,https://apps.cer-rec.gc.ca/REGDOCS/File/Download/913913,Enbridge Southern Lights GP Inc. on behalf of Enbridge Southern Lights LP and Enbridge Pipelines Inc.,"2007-03-09 - Application for Line 13 Transfer, Line 13 Reversal and Capacity Replacement for the Southern Lights Project (OH-3-2007)","Application for Line 13 Transfer, Line 13 Reversal and Capacity Replacement for the Southern Lights Project ",https://apps.cer-rec.gc.ca/REGDOCS/Item/View/456607
98,914319,A3F0X9 - Alberta Clipper PCEM Report Year 3,https://apps.cer-rec.gc.ca/REGDOCS/File/Download/914319,Enbridge Pipelines Inc.,2007-05-30 - Application for the Alberta Clipper Expansion Project (OH-4-2007),Application for the Alberta Clipper Expansion Project ,https://apps.cer-rec.gc.ca/REGDOCS/Item/View/465178
99,914657,A3F1Q5 - 2013-02-01 - Watino and Calais First PCMP Report,https://apps.cer-rec.gc.ca/REGDOCS/File/Download/914657,NOVA Gas Transmission Ltd.,2010-09-20 - Application for the Watino Crossover and Calais Extension,Application for the Watino Crossover and Calais Extension,https://apps.cer-rec.gc.ca/REGDOCS/Item/View/639247
100,914700,A3F1E8 - Third Year Post-construction Environmental Monitoring Report,https://apps.cer-rec.gc.ca/REGDOCS/File/Download/914700,"Westcoast Energy Inc., carrying on business as Spectra Energy Transmission (""Westcoast"")",2007-12-04 - Application for Purchase of Storm Exploration Inc Pipeline Facilities,Application for Purchase of Storm Exploration Inc Pipeline Facilities,https://apps.cer-rec.gc.ca/REGDOCS/Item/View/487403
101,914733,A3F1K2 - Cut Bank Bald Mountain-Condition 6 First PCMP Report,https://apps.cer-rec.gc.ca/REGDOCS/File/Download/914733,NOVA Gas Transmission Ltd.,2010-09-02 - Application for the Cutbank River Lateral Loop (Bald Mountain Section),Application for the Cutbank River Lateral Loop ,https://apps.cer-rec.gc.ca/REGDOCS/Item/View/633450
102,914958,A3F1R1 - 04 - Albright_ Year 2_App C Summary of Findings Year 1,https://apps.cer-rec.gc.ca/REGDOCS/File/Download/914958,NOVA Gas Transmission Ltd.,2009-05-29 - Application for Albright North Crossover,Application for Albright North Crossover,https://apps.cer-rec.gc.ca/REGDOCS/Item/View/558435
103,914961,A3F1R2 - 05 - Albright_ Year 2_App D Wetlands,https://apps.cer-rec.gc.ca/REGDOCS/File/Download/914961,NOVA Gas Transmission Ltd.,2009-05-29 - Application for Albright North Crossover,Application for Albright North Crossover,https://apps.cer-rec.gc.ca/REGDOCS/Item/View/558435
104,915019,A3F1C0 - Line 4 PCEM Report Year 4,https://apps.cer-rec.gc.ca/REGDOCS/File/Download/915019,Enbridge Pipelines Inc.,2007-06-28 - Application for the Line 4 Extension Project (OH-5-2007),Application for the Line 4 Extension Project ,https://apps.cer-rec.gc.ca/REGDOCS/Item/View/469094
105,915065,A3F1J7 - Bear River Lateral Loop No 2 - Condition 6 Post Construction Environmental Monitoring Report,https://apps.cer-rec.gc.ca/REGDOCS/File/Download/915065,NOVA Gas Transmission Ltd.,2011-02-28 - Application for the Bear River Lateral Loop No. 2,Application for the Bear River Lateral Loop No. 2,https://apps.cer-rec.gc.ca/REGDOCS/Item/View/674054
106,915079,A3F1L4 - Groundbirch Pipeline - Condition 24-Post Construction Environmental Monitoring Report,https://apps.cer-rec.gc.ca/REGDOCS/File/Download/915079,NOVA Gas Transmission Ltd.,2009-04-30 - Application for the Groundbirch Pipeline Project (GH-1-2009),Application for the Groundbirch Pipeline Project ,https://apps.cer-rec.gc.ca/REGDOCS/Item/View/555680
107,915095,A3F1Q8 - 01 - Albright_ Year 2_ Report,https://apps.cer-rec.gc.ca/REGDOCS/File/Download/915095,NOVA Gas Transmission Ltd.,2009-05-29 - Application for Albright North Crossover,Application for Albright North Crossover,https://apps.cer-rec.gc.ca/REGDOCS/Item/View/558435
108,920155,A3F5Z0 - 2013-02-22 - Kearl Ext Sales and MS - First PCEM Report,https://apps.cer-rec.gc.ca/REGDOCS/File/Download/920155,NOVA Gas Transmission Ltd.,2010-03-16 – Application for the Kearl Extension and Sales Meter Station,Application for the Kearl Extension and Sales Meter Station,https://apps.cer-rec.gc.ca/REGDOCS/Item/View/609725
109,927382,A3F7Y8 - 2013-03-04 - Bear River Post-Construction Monitoring Program Report,https://apps.cer-rec.gc.ca/REGDOCS/File/Download/927382,NOVA Gas Transmission Ltd.,2010-05-07 - Application for the Bear River West Lateral Loop,Application for the Bear River West Lateral Loop,https://apps.cer-rec.gc.ca/REGDOCS/Item/View/618920
110,961081,A3I2C0 - Groundbirch Mainline First PCMP Report Updates,https://apps.cer-rec.gc.ca/REGDOCS/File/Download/961081,NOVA Gas Transmission Ltd.,2009-04-30 - Application for the Groundbirch Pipeline Project (GH-1-2009),Application for the Groundbirch Pipeline Project ,https://apps.cer-rec.gc.ca/REGDOCS/Item/View/555680
111,1023037,A3K7F9 - Chinchaga Lateral Loop No. 3 - Condition 13-Preliminary PCM Program,https://apps.cer-rec.gc.ca/REGDOCS/File/Download/1023037,NOVA Gas Transmission Ltd.,2011-10-14 - Application for Northwest Mainline Komie North Extension (GH-001-2012),Application for Northwest Mainline Komie North Extension ,https://apps.cer-rec.gc.ca/REGDOCS/Item/View/737909
112,1036748,A3L0S2 - Doe and Henderson Crk PCEMRs,https://apps.cer-rec.gc.ca/REGDOCS/File/Download/1036748,NOA Gas Transmission Ltd.,2010-03-09 – Application for the Doe Creek Lateral Loop and Henderson Creek Lateral Loop No. 3,Application for the Doe Creek Lateral Loop and Henderson Creek Lateral Loop No. 3,https://apps.cer-rec.gc.ca/REGDOCS/Item/View/605009
113,1057028,A3Q2W5 - Gething Source Water Pipeline Post Construction Environmental Monitoring Report,https://apps.cer-rec.gc.ca/REGDOCS/File/Download/1057028,105755 Alberta Ltd.,2011-06-27 - Application for Gething Source Water Pipeline,Application for Gething Source Water Pipeline,https://apps.cer-rec.gc.ca/REGDOCS/Item/View/699247
114,2385635,2013-12-10- Watino and Calais Second PCMP Report - A3R8A7,https://apps.cer-rec.gc.ca/REGDOCS/File/Download/2385635,NOVA Gas Transmission Ltd.,2010-09-20 - Application for the Watino Crossover and Calais Extension,Application for the Watino Crossover and Calais Extension,https://apps.cer-rec.gc.ca/REGDOCS/Item/View/639247
115,2404629,NGTL Kearl Extension and MS_Second PCRM Report - A3T2U7,https://apps.cer-rec.gc.ca/REGDOCS/File/Download/2404629,NOVA Gas Transmission Ltd.,2010-03-16 – Application for the Kearl Extension and Sales Meter Station,Application for the Kearl Extension and Sales Meter Station,https://apps.cer-rec.gc.ca/REGDOCS/Item/View/609725
116,2404644,2014-01-28 Keystone PCEM Year 3  - A3T3I4,https://apps.cer-rec.gc.ca/REGDOCS/File/Download/2404644,TransCanada Keystone Pipeline GP Ltd.,2007-11-23 - Application for the Cushing Expansion (OH-1-2008),Application for the Cushing Expansion ,https://apps.cer-rec.gc.ca/REGDOCS/Item/View/486602
117,2404648,Alberta Clipper Project PCEM Report Year 4 (2013) - A3T3K4,https://apps.cer-rec.gc.ca/REGDOCS/File/Download/2404648,Enbridge Pipelines Inc.,2007-05-30 - Application for the Alberta Clipper Expansion Project (OH-4-2007),Application for the Alberta Clipper Expansion Project ,https://apps.cer-rec.gc.ca/REGDOCS/Item/View/465178
118,2407660,2014-01-28 Keystone PCEM Year 4  - A3T3H0,https://apps.cer-rec.gc.ca/REGDOCS/File/Download/2407660,TransCanada Keystone Pipeline GP Ltd.,2006-12-12 - Application for the Keystone Pipeline (OH-1-2007),Application for the Keystone Pipeline ,https://apps.cer-rec.gc.ca/REGDOCS/Item/View/446070
119,2407764,Line 4 Extension Project PCEM Report Year 5 (2013) - A3T3S8,https://apps.cer-rec.gc.ca/REGDOCS/File/Download/2407764,Enbridge Pipelines Inc.,2007-06-28 - Application for the Line 4 Extension Project (OH-5-2007),Application for the Line 4 Extension Project ,https://apps.cer-rec.gc.ca/REGDOCS/Item/View/469094
120,2408156,Southern Lights Project PCEM Report Year 5 (2013) - A3T3R4,https://apps.cer-rec.gc.ca/REGDOCS/File/Download/2408156,Enbridge Southern Lights GP Inc. on behalf of Enbridge Southern Lights LP and Enbridge Pipelines Inc.,"2007-03-09 - Application for Line 13 Transfer, Line 13 Reversal and Capacity Replacement for the Southern Lights Project (OH-3-2007)","Application for Line 13 Transfer, Line 13 Reversal and Capacity Replacement for the Southern Lights Project ",https://apps.cer-rec.gc.ca/REGDOCS/Item/View/456607
121,2411043,Stewart Lake Pipeline PCEM Report - A3T5K9,https://apps.cer-rec.gc.ca/REGDOCS/File/Download/2411043,"Westcoast Energy Inc., carrying on business as Spectra Energy Transmission (Westcoast)",2010-11-30 - Application for the Transmission North Expansion,Application for the Transmission North Expansion,https://apps.cer-rec.gc.ca/REGDOCS/Item/View/656096
122,2411350,Appendix A - Cutbank River First Year PCMP - A3T4X8,https://apps.cer-rec.gc.ca/REGDOCS/File/Download/2411350,NOVA Gas Transmission Ltd.,2011-06-06 - Application for Cutbank - Musreau Area Expansion,Application for Cutbank - Musreau Area Expansion,https://apps.cer-rec.gc.ca/REGDOCS/Item/View/697803
123,2411357,South Maxhamish Loop Post-Construction Environmental Monitoring Report - A3T5E7,https://apps.cer-rec.gc.ca/REGDOCS/File/Download/2411357,"Westcoast Energy Inc., carrying on business as Spectra Energy Transmission (Westcoast)",2010-02-01 - Application for South Maxhamish Loop Project,Application for South Maxhamish Loop Project,https://apps.cer-rec.gc.ca/REGDOCS/Item/View/593411
124,2411359,NGTL Groundbirch Mainline Saturn Section Condition 5 PCMP Report - A3T5F7,https://apps.cer-rec.gc.ca/REGDOCS/File/Download/2411359,NOVA Gas Transmission Ltd.,2010-12-09  - Application for Groundbirch Mainline (Saturn Section),Application for Groundbirch Mainline ,https://apps.cer-rec.gc.ca/REGDOCS/Item/View/657473
125,2411466,Appendix B - Musreau Lake First Year PCMP - A3T4X9,https://apps.cer-rec.gc.ca/REGDOCS/File/Download/2411466,NOVA Gas Transmission Ltd.,2011-06-06 - Application for Cutbank - Musreau Area Expansion,Application for Cutbank - Musreau Area Expansion,https://apps.cer-rec.gc.ca/REGDOCS/Item/View/697803
126,2411479,Tanghe Creek Lateral Loop No. 2 - Sloat Creek Section-Condition 9 First PCMP Report - A3T5G7,https://apps.cer-rec.gc.ca/REGDOCS/File/Download/2411479,NOVA Gas Transmission Ltd.,2011-02-03 - Application for the Tanghe Creek Lateral Loop No. 2 (Sloat Creek Section),Application for the Tanghe Creek Lateral Loop No. 2 ,https://apps.cer-rec.gc.ca/REGDOCS/Item/View/667071
127,2411484,North Maxhamish Loop Post-Construction Environmental Monitoring Report - A3T5K4,https://apps.cer-rec.gc.ca/REGDOCS/File/Download/2411484,"Westcoast Energy Inc., carrying on business as Spectra Energy Transmission (Westcoast)",2009-04-21 - Application for the North Maxhamish Loop Project,Application for the North Maxhamish Loop Project,https://apps.cer-rec.gc.ca/REGDOCS/Item/View/554349
128,2411486,N4 Loop PCEM Report - A3T5K7,https://apps.cer-rec.gc.ca/REGDOCS/File/Download/2411486,"Westcoast Energy Inc., carrying on business as Spectra Energy Transmission (Westcoast)",2010-11-30 - Application for the Transmission North Expansion,Application for the Transmission North Expansion,https://apps.cer-rec.gc.ca/REGDOCS/Item/View/656096
129,2411566,Appendix B-Nose YEAR 1 PCMP FINAL - A3T4Q7,https://apps.cer-rec.gc.ca/REGDOCS/File/Download/2411566,NOVA Gas Transmission Ltd.,2011-02-25 - Application for the Grande Prairie Mainline Loop (Karr North and Nosehill Creek Sections),Application for the Grande Prairie Mainline Loop ,https://apps.cer-rec.gc.ca/REGDOCS/Item/View/673726
130,2411779,6873_Year 1 PCEM Pembina Beatton River - A3T4K3,https://apps.cer-rec.gc.ca/REGDOCS/File/Download/2411779,Pembina Energy Services Inc.,2012-08-29 - Application to Deactivate a section of the Beatton River Pipeline - LSD 12-19-83-16 W6M to LSD 11-17-84-15 W6M,Application to Deactivate a section of the Beatton River Pipeline - LSD 12-19-83-16 W6M to LSD 11-17-84-15 W6M,https://apps.cer-rec.gc.ca/REGDOCS/Item/View/858743
131,2411783,Appendix A-Karr YEAR 1 PCMP FINAL 1of4 - A3T4Q3,https://apps.cer-rec.gc.ca/REGDOCS/File/Download/2411783,NOVA Gas Transmission Ltd.,2011-02-25 - Application for the Grande Prairie Mainline Loop (Karr North and Nosehill Creek Sections),Application for the Grande Prairie Mainline Loop ,https://apps.cer-rec.gc.ca/REGDOCS/Item/View/673726
132,2411908,T-North 2012 Expansion Project Post-Construction Monitoring Report - A3T5D7,https://apps.cer-rec.gc.ca/REGDOCS/File/Download/2411908,"Westcoast Energy Inc., carrying on business as Spectra Energy Transmission (Westcoast)",2011-11-14 - Application for T-North 2012 Expansion Project,Application for T-North 2012 Expansion Project,https://apps.cer-rec.gc.ca/REGDOCS/Item/View/757939
133,2411910,2014-01-31- Cheecham Kettle River First PCMP Report Part 1 - A3T5F2,https://apps.cer-rec.gc.ca/REGDOCS/File/Download/2411910,NOVA Gas Transmission Ltd.,2011-06-23 - Application for Cheecham - Kettle River Area Expansion,Application for Cheecham - Kettle River Area Expansion,https://apps.cer-rec.gc.ca/REGDOCS/Item/View/698977
134,2412032,NGTL Gordondale Lateral Loop No. 2 PCEM Report - A3T5G1,https://apps.cer-rec.gc.ca/REGDOCS/File/Download/2412032,NOVA Gas Transmission Ltd.,2010-12-07 - Application for the Gordondale Lateral Loop No. 2,Application for the Gordondale Lateral Loop No. 2,https://apps.cer-rec.gc.ca/REGDOCS/Item/View/659448
135,2487348,Horn_River_YEAR_1_PCMP_1of6 - A3Z6F0,https://apps.cer-rec.gc.ca/REGDOCS/File/Download/2487348,NOVA Gas Transmission Ltd.,2010-02-19 – Application for the Horn River Project (GH-2-2010),Application for the Horn River Project ,https://apps.cer-rec.gc.ca/REGDOCS/Item/View/601085
136,2525922,"PCMR Year 4 Pipeline from a-65-A, 93-I-9 to 13-9-64-13, W6M (C111122) reduced - A4D0H5",https://apps.cer-rec.gc.ca/REGDOCS/File/Download/2525922,"Scott Schilds, Roy Northern Environmental",2009-11-18 – Application for the Ojay Pipeline Project,Application for the Ojay Pipeline Project,https://apps.cer-rec.gc.ca/REGDOCS/Item/View/582653
137,2543819,ETEP Water Quality Monitoring Report_FINAL - A4E3J9,https://apps.cer-rec.gc.ca/REGDOCS/File/Download/2543819,Trans Mountain Pipeline ULC,2007-08-13 - Application for Edmonton Terminal Expansion Project,Application for Edmonton Terminal Expansion Project,https://apps.cer-rec.gc.ca/REGDOCS/Item/View/474966
138,2547823,Genesis Pipeline Post Construction Environment Monitoring Report - A4E8X7,https://apps.cer-rec.gc.ca/REGDOCS/File/Download/2547823,Mr. Ryan Hornett,2012-02-27 - Application for the Genesis Pipeline Extension Project,Application for the Genesis Pipeline Extension Project,https://apps.cer-rec.gc.ca/REGDOCS/Item/View/793875
139,2585636,NEB_Goodrich_Extension_Re-injection_Pipeline_Project_4th_Year_PCEM_Condition5_Dec302014 - A4G3R3,https://apps.cer-rec.gc.ca/REGDOCS/File/Download/2585636,"Westcoast Energy Inc., carrying on Business as Spectra Energy Transmission (Westcoast)",2009-12-24 – Application for the Goodrich Re-injection Pipeline Extension,Application for the Goodrich Re-injection Pipeline Extension,https://apps.cer-rec.gc.ca/REGDOCS/Item/View/588299
140,2585870,Alberta Clipper Project PCEM Report - Year 5 (2014) - A4G4G5,https://apps.cer-rec.gc.ca/REGDOCS/File/Download/2585870,Enbridge Pipelines Inc.,2007-05-30 - Application for the Alberta Clipper Expansion Project (OH-4-2007),Application for the Alberta Clipper Expansion Project ,https://apps.cer-rec.gc.ca/REGDOCS/Item/View/465178
141,2661448,NEB_South_Maxhamish_Loop_3rd_Year_PCEM_Condition5_Jan282015 - A4G8E2,https://apps.cer-rec.gc.ca/REGDOCS/File/Download/2661448,"Westcoast Energy Inc., carrying on Business as Spectra Energy Transmission (Westcoast)",2010-02-01 - Application for South Maxhamish Loop Project,Application for South Maxhamish Loop Project,https://apps.cer-rec.gc.ca/REGDOCS/Item/View/593411
142,2661547,Bear River Lateral Loop No. 2 PCMR Year 3 - A4G7Z5,https://apps.cer-rec.gc.ca/REGDOCS/File/Download/2661547,NOVA Gas Transmission Ltd.,2011-02-28 - Application for the Bear River Lateral Loop No. 2,Application for the Bear River Lateral Loop No. 2,https://apps.cer-rec.gc.ca/REGDOCS/Item/View/674054
143,2661659,Norma Transmission Pipeline Project - First Year PCMR - A4G7Z7,https://apps.cer-rec.gc.ca/REGDOCS/File/Download/2661659,NOVA Gas Transmission Ltd.,2013-03-04 - Application for the Norma Transmission Pipeline,Application for the Norma Transmission Pipeline,https://apps.cer-rec.gc.ca/REGDOCS/Item/View/927564
144,2661872,Cutbank River Lateral Loop (Bald Mountain Section) PCEMR Year 3 - A4G7W0,https://apps.cer-rec.gc.ca/REGDOCS/File/Download/2661872,NOVA Gas Transmission Ltd,2010-09-02 - Application for the Cutbank River Lateral Loop (Bald Mountain Section),Application for the Cutbank River Lateral Loop ,https://apps.cer-rec.gc.ca/REGDOCS/Item/View/633450
145,2661883,Attachment 1 - Environmental As-Built Report - A4G8F4,https://apps.cer-rec.gc.ca/REGDOCS/File/Download/2661883,Enbridge Bakken Pipeline Company Inc.,2011-01-17 - Application for Bakken Pipeline Project Canada (OH-1-2011),Application for Bakken Pipeline Project Canada ,https://apps.cer-rec.gc.ca/REGDOCS/Item/View/661686
146,2662111,Attachment 2 - Post-Construction Environmental Monitoring Report - Year 1 - A4G8F5,https://apps.cer-rec.gc.ca/REGDOCS/File/Download/2662111,Enbridge Bakken Pipeline Company Inc.,2011-01-17 - Application for Bakken Pipeline Project Canada (OH-1-2011),Application for Bakken Pipeline Project Canada ,https://apps.cer-rec.gc.ca/REGDOCS/Item/View/661686
147,2671179,Leismer to Kettle River Crossover-Condition 12 Post-Construction Monitoring Program Report - A4H0U2,https://apps.cer-rec.gc.ca/REGDOCS/File/Download/2671179,NOVA Gas Transmission Ltd.,2011-07-15 - Application for the Leismer to Kettle River Crossover (GH-004-2011),Application for the Leismer to Kettle River Crossover ,https://apps.cer-rec.gc.ca/REGDOCS/Item/View/704296
148,2671197,NWML_Kyklo section - Year 1 PCM Report - A4H1K3,https://apps.cer-rec.gc.ca/REGDOCS/File/Download/2671197,NOVA Gas Transmission Ltd.,2011-04-29 - Application for the Northwest Mainline Expansion (GH-2-2011),Application for the Northwest Mainline Expansion ,https://apps.cer-rec.gc.ca/REGDOCS/Item/View/685859
149,2671246,Post-Construction Environmental Monitoring - Native Prairie Monitoring Report Year 1 Part 5 - A4G9H7,https://apps.cer-rec.gc.ca/REGDOCS/File/Download/2671246,Pembina Prairie Facilities Ltd. - Vantage Pipeline Canada ULC,2011-02-07 - Application for the Vantage Pipeline Project (OH-3-2011),Application for the Vantage Pipeline Project ,https://apps.cer-rec.gc.ca/REGDOCS/Item/View/669661
150,2671466,Post-Construction Environmental Monitoring - Native Prairie Monitoring Report Year 1 Part 3 - A4G9H5,https://apps.cer-rec.gc.ca/REGDOCS/File/Download/2671466,Pembina Prairie Facilities Ltd. - Vantage Pipeline Canada ULC,2011-02-07 - Application for the Vantage Pipeline Project (OH-3-2011),Application for the Vantage Pipeline Project ,https://apps.cer-rec.gc.ca/REGDOCS/Item/View/669661
151,2671475,TCPL - 2012 Eastern Mainline Expansion Condition 13 - PCEM Report - A4G9R8,https://apps.cer-rec.gc.ca/REGDOCS/File/Download/2671475,TransCanada PipeLines Limited,2011-11-08 - Application for 2012 Eastern Mainline Expansion,Application for 2012 Eastern Mainline Expansion,https://apps.cer-rec.gc.ca/REGDOCS/Item/View/753662
152,2671591,Hidden Lake North and Moody Creek Compressor Stations - Condition 8 - Post Construction Monitoring Report - A4G9Y5,https://apps.cer-rec.gc.ca/REGDOCS/File/Download/2671591,NOVA Gas Transmission Ltd.,2011-02-17 - Application for the Hidden Lake North and Moody Creek Compressor Stations,Application for the Hidden Lake North and Moody Creek Compressor Stations,https://apps.cer-rec.gc.ca/REGDOCS/Item/View/672909
153,2671597,Keystone s.52 Year 5 PCEM Report January 2015 - A4H0I4,https://apps.cer-rec.gc.ca/REGDOCS/File/Download/2671597,TransCanada Keystone Pipeline GP Ltd.,2006-12-12 - Application for the Keystone Pipeline (OH-1-2007),Application for the Keystone Pipeline ,https://apps.cer-rec.gc.ca/REGDOCS/Item/View/446070
154,2671633,Horn River Pipeline Project - Condition 24 Post-Construction Monitoring Report - A4H1J6,https://apps.cer-rec.gc.ca/REGDOCS/File/Download/2671633,NOVA Gas Transmission Ltd.,2010-02-19 – Application for the Horn River Project (GH-2-2010),Application for the Horn River Project ,https://apps.cer-rec.gc.ca/REGDOCS/Item/View/601085
155,2671635,NWML_Cranberry section - Year 1 PCM Report - A4H1K2,https://apps.cer-rec.gc.ca/REGDOCS/File/Download/2671635,NOVA Gas Transmission Ltd.,2011-04-29 - Application for the Northwest Mainline Expansion (GH-2-2011),Application for the Northwest Mainline Expansion ,https://apps.cer-rec.gc.ca/REGDOCS/Item/View/685859
156,2671636,NWML_Timberwolf section - Yr 1 PCM Report - A4H1K4,https://apps.cer-rec.gc.ca/REGDOCS/File/Download/2671636,NOVA Gas Transmission Ltd.,2011-04-29 - Application for the Northwest Mainline Expansion (GH-2-2011),Application for the Northwest Mainline Expansion ,https://apps.cer-rec.gc.ca/REGDOCS/Item/View/685859
157,2671926,Post-Construction Environmental Monitoring - Native Prairie Monitoring Report Year 1 Part 4 - A4G9H6,https://apps.cer-rec.gc.ca/REGDOCS/File/Download/2671926,Pembina Prairie Facilities Ltd. - Vantage Pipeline Canada ULC,2011-02-07 - Application for the Vantage Pipeline Project (OH-3-2011),Application for the Vantage Pipeline Project ,https://apps.cer-rec.gc.ca/REGDOCS/Item/View/669661
158,2671952,"APPENDIX B, C and D - Part 4 - A4H0E8",https://apps.cer-rec.gc.ca/REGDOCS/File/Download/2671952,NOVA Gas Transmission Ltd.,2009-04-30 - Application for the Groundbirch Pipeline Project (GH-1-2009),Application for the Groundbirch Pipeline Project ,https://apps.cer-rec.gc.ca/REGDOCS/Item/View/555680
159,2671957,Keystone Cushing s.58 XO-T241-07-2008 Cond. 18 Year 4 PCEM Rpt - A4H0I2,https://apps.cer-rec.gc.ca/REGDOCS/File/Download/2671957,TransCanada Keystone Pipeline GP Ltd.,2007-11-23 - Application for the Cushing Expansion (OH-1-2008),Application for the Cushing Expansion ,https://apps.cer-rec.gc.ca/REGDOCS/Item/View/486602
160,2672019,2014 Post Construction Environmental Monitoring Report Ref. Order XG-A083-05-2008 - A4G9K4,https://apps.cer-rec.gc.ca/REGDOCS/File/Download/2672019,Kerry Dark,2008-07-09 - Application for Saddle Hills Pipeline Loop construction,Application for Saddle Hills Pipeline Loop construction,https://apps.cer-rec.gc.ca/REGDOCS/Item/View/522398
161,2798745,Gething Source Water Pipeline Third Year Post Construction Environmental Monitoring Report - A4R6D0,https://apps.cer-rec.gc.ca/REGDOCS/File/Download/2798745,105755 Alberta Ltd.,2011-06-27 - Application for Gething Source Water Pipeline,Application for Gething Source Water Pipeline,https://apps.cer-rec.gc.ca/REGDOCS/Item/View/699247
162,2858008,A74381-1 Eastern ML Exp_Condition 13 Post-Construction Monitoring_ParkwayLoop_Woodlot Report - A4V9W5,https://apps.cer-rec.gc.ca/REGDOCS/File/Download/2858008,TransCanada PipeLines Limited,2011-11-08 - Application for 2012 Eastern Mainline Expansion,Application for 2012 Eastern Mainline Expansion,https://apps.cer-rec.gc.ca/REGDOCS/Item/View/753662
163,2896928,A74834-1 North Maxhamish Loop Project - Fourth Year Post-Construction Environmental Monitoring Report – 2015 Maintenance Work Reporting - A4X0X7,https://apps.cer-rec.gc.ca/REGDOCS/File/Download/2896928,"Westcoast Energy Inc., carrying on business as Spectra Energy Transmission (“Westcoast”)",2009-04-21 - Application for the North Maxhamish Loop Project,Application for the North Maxhamish Loop Project,https://apps.cer-rec.gc.ca/REGDOCS/Item/View/554349
164,2905392,A75002-3 HornRiver_YEAR_3_PCRM_Report_Part3 - A4X3I8,https://apps.cer-rec.gc.ca/REGDOCS/File/Download/2905392,NOVA Gas Transmission Ltd.,2010-02-19 – Application for the Horn River Project (GH-2-2010),Application for the Horn River Project ,https://apps.cer-rec.gc.ca/REGDOCS/Item/View/601085
165,2905908,A75155-1 NGTL Norma Transmission Pipeline Project - Year 2 PCMR - A4X6C8,https://apps.cer-rec.gc.ca/REGDOCS/File/Download/2905908,NOVA Gas Transmission Ltd.,2013-03-04 - Application for the Norma Transmission Pipeline,Application for the Norma Transmission Pipeline,https://apps.cer-rec.gc.ca/REGDOCS/Item/View/927564
166,2908404,A75333-1 Tanghe Creek Lateral Loop No 2_Condition 9 PCM Report - A4X8K3,https://apps.cer-rec.gc.ca/REGDOCS/File/Download/2908404,NOVA Gas Transmission Ltd.,2011-02-03 - Application for the Tanghe Creek Lateral Loop No. 2 (Sloat Creek Section),Application for the Tanghe Creek Lateral Loop No. 2 ,https://apps.cer-rec.gc.ca/REGDOCS/Item/View/667071
167,2908465,A75212-2 Cutbank-Red Rock_Year 3 PCM Report - A4X6W9,https://apps.cer-rec.gc.ca/REGDOCS/File/Download/2908465,NOVA Gas Transmission Ltd.,2011-06-06 - Application for Cutbank - Musreau Area Expansion,Application for Cutbank - Musreau Area Expansion,https://apps.cer-rec.gc.ca/REGDOCS/Item/View/697803
168,2908521,A75332-1 Chinchaga Lateral Loop No. 3 - Preliminary PCM Program.doc - A4X8K1,https://apps.cer-rec.gc.ca/REGDOCS/File/Download/2908521,NOVA Gas Transmission Ltd.,2011-10-14 - Application for Northwest Mainline Komie North Extension (GH-001-2012),Application for Northwest Mainline Komie North Extension ,https://apps.cer-rec.gc.ca/REGDOCS/Item/View/737909
169,2908531,A75345-2 Keystone OC-51 Cond. 32 Post-Construction Environmental Monitoring Report-2015 - A4X8S1,https://apps.cer-rec.gc.ca/REGDOCS/File/Download/2922262,TransCanada Keystone Pipeline GP Ltd.,2007-11-23 - Application for the Cushing Expansion (OH-1-2008),Application for the Cushing Expansion ,https://apps.cer-rec.gc.ca/REGDOCS/Item/View/486602
170,2908560,A75212-3 Musreau Lateral Loop No 2_Year 3 PCM Report - A4X6X0,https://apps.cer-rec.gc.ca/REGDOCS/File/Download/2908560,NOVA Gas Transmission Ltd.,2011-06-06 - Application for Cutbank - Musreau Area Expansion,Application for Cutbank - Musreau Area Expansion,https://apps.cer-rec.gc.ca/REGDOCS/Item/View/697803
171,2908687,A75233-2 GPML_Karr_North_Year 3 PCM Report - A4X7D8,https://apps.cer-rec.gc.ca/REGDOCS/File/Download/2908687,NOVA Gas Transmission Ltd.,2011-02-25 - Application for the Grande Prairie Mainline Loop (Karr North and Nosehill Creek Sections),Application for the Grande Prairie Mainline Loop ,https://apps.cer-rec.gc.ca/REGDOCS/Item/View/673726
172,2908890,A75233-3 GPML_Nosehill_Year 3 PCM Report - A4X7D9,https://apps.cer-rec.gc.ca/REGDOCS/File/Download/2908890,NOVA Gas Transmission Ltd.,2011-02-25 - Application for the Grande Prairie Mainline Loop (Karr North and Nosehill Creek Sections),Application for the Grande Prairie Mainline Loop ,https://apps.cer-rec.gc.ca/REGDOCS/Item/View/673726
173,2909467,A75345-3 Keystone Cushing s.58 XO-T241-07-2008 Cond. 18 Year 5 Post-Construction Environmental Monitoring Report - A4X8S2,https://apps.cer-rec.gc.ca/REGDOCS/File/Download/2922263,TransCanada Keystone Pipeline GP Ltd.,2007-11-23 - Application for the Cushing Expansion (OH-1-2008),Application for the Cushing Expansion ,https://apps.cer-rec.gc.ca/REGDOCS/Item/View/486602
174,2909471,A75352-1 Gordondale_Year 3 PCRM Report - A4X8W4,https://apps.cer-rec.gc.ca/REGDOCS/File/Download/2909471,NOVA Gas Transmission Ltd.,2010-12-07 - Application for the Gordondale Lateral Loop No. 2,Application for the Gordondale Lateral Loop No. 2,https://apps.cer-rec.gc.ca/REGDOCS/Item/View/659448
175,2909514,A75246-2 Third Year Post Construction Environmental Monitoring Report - A4X7G9,https://apps.cer-rec.gc.ca/REGDOCS/File/Download/2909514,Pembina Energy Services Inc.,2010-09-23 - Application for the Beatton River Replacement Project (OH-2-2011),Application for the Beatton River Replacement Project ,https://apps.cer-rec.gc.ca/REGDOCS/Item/View/638789
176,2909658,A75319-1 Sunday Crk South Lat Loop_Condition 6 PCEMR - A4X8G6,https://apps.cer-rec.gc.ca/REGDOCS/File/Download/2909658,NOVA Gas Transmission Ltd.,2013-04-08 - Application for the Sunday Creek South Lateral Loop No. 3,Application for the Sunday Creek South Lateral Loop No. 3,https://apps.cer-rec.gc.ca/REGDOCS/Item/View/942200
177,2915502,A75334-1 NGTL Cheecham - Kettle River Expansion Project - Cond. 6 Post-Construction Environmental Monitoring Report - A4X8K5,https://apps.cer-rec.gc.ca/REGDOCS/File/Download/2915502,NOVA Gas Transmission Ltd.,2011-06-23 - Application for Cheecham - Kettle River Area Expansion,Application for Cheecham - Kettle River Area Expansion,https://apps.cer-rec.gc.ca/REGDOCS/Item/View/698977
178,2915607,A75354-1 Groundbirch Mainline (Saturn Section) Year 3 PCRM Report - A4X8W8,https://apps.cer-rec.gc.ca/REGDOCS/File/Download/2915607,NOVA Gas Transmission Ltd.,2010-12-09  - Application for Groundbirch Mainline (Saturn Section),Application for Groundbirch Mainline ,https://apps.cer-rec.gc.ca/REGDOCS/Item/View/657473
179,2915906,A75355-1 Moosa Crossover PCMR Year 1 - A4X8X0,https://apps.cer-rec.gc.ca/REGDOCS/File/Download/2915906,NOVA Gas Transmission Ltd.,2013-07-02 - Application for the Moosa Crossover,Application for the Moosa Crossover,https://apps.cer-rec.gc.ca/REGDOCS/Item/View/970668
180,2921913,A75386-6 Stewart_Lake_Post-Construction_Report - A4X9K1,https://apps.cer-rec.gc.ca/REGDOCS/File/Download/2921913,"Westcoast Energy Inc., doing business as Spectra Energy Transmission (Westcoast)",2010-11-30 - Application for the Transmission North Expansion,Application for the Transmission North Expansion,https://apps.cer-rec.gc.ca/REGDOCS/Item/View/656096
181,2921914,A75387-1 T-North_2012_Third_Year_PCEM_Report_Part1 - A4X9K6,https://apps.cer-rec.gc.ca/REGDOCS/File/Download/2921914,"Westcoast Energy Inc., carrying on Business as Spectra Energy Transmission (Westcoast)",2011-11-14 - Application for T-North 2012 Expansion Project,Application for T-North 2012 Expansion Project,https://apps.cer-rec.gc.ca/REGDOCS/Item/View/757939
182,2922022,A75386-2 N4L2 Post-Construction Report - A4X9J7,https://apps.cer-rec.gc.ca/REGDOCS/File/Download/2922022,"Westcoast Energy Inc., doing business as Spectra Energy Transmission (Westcoast)",2010-11-30 - Application for the Transmission North Expansion,Application for the Transmission North Expansion,https://apps.cer-rec.gc.ca/REGDOCS/Item/View/656096
183,3097250,A81049-1 NMax_4YR_PCEM-Update - A5H6K4,https://apps.cer-rec.gc.ca/REGDOCS/File/Download/3097250,"Westcoast Energy Inc., doing business as Spectra Energy Transmission",2009-04-21 - Application for the North Maxhamish Loop Project,Application for the North Maxhamish Loop Project,https://apps.cer-rec.gc.ca/REGDOCS/Item/View/554349
184,3116883,"A81119-2 Post-Construction Monitoring Report, Part A - A5H7R3",https://apps.cer-rec.gc.ca/REGDOCS/File/Download/3116883,Enbridge Pipelines Inc.,2013-02-27 - Application for the Line 3 Replacement Project,Application for the Line 3 Replacement Project,https://apps.cer-rec.gc.ca/REGDOCS/Item/View/927381
185,3166469,"A81360-2 Part B, Post-Construction Environmental Monitoring Report - A5I2G9",https://apps.cer-rec.gc.ca/REGDOCS/File/Download/3166469,Enbridge Pipelines Inc.,2013-02-27 - Application for the Line 3 Replacement Project,Application for the Line 3 Replacement Project,https://apps.cer-rec.gc.ca/REGDOCS/Item/View/927381
186,3178879,A81477-2 Post-Construction Environmental Monitoring Report  - Year 1 - A5I4C0,https://apps.cer-rec.gc.ca/REGDOCS/File/Download/3178879,Enbridge Pipelines Inc.,2012-12-14 - Application for the Edmonton to Hardisty Pipeline Project (OH-001-2013),Application for the Edmonton to Hardisty Pipeline Project ,https://apps.cer-rec.gc.ca/REGDOCS/Item/View/895427
187,3178990,A81459-1 NGTL_Horn River Mainline Pipeline Project_Fourth Year Post-Construction Program Report - A5I3V0,https://apps.cer-rec.gc.ca/REGDOCS/File/Download/3178990,NOVA Gas Transmission Ltd.,2010-02-19 – Application for the Horn River Project (GH-2-2010),Application for the Horn River Project ,https://apps.cer-rec.gc.ca/REGDOCS/Item/View/601085
188,3179026,A81553-1 Keystone Pipeline Project - 2016 Post Construction Environmental Monitoring Report - A5I5F8,https://apps.cer-rec.gc.ca/REGDOCS/File/Download/3179026,TransCanada,2006-12-12 - Application for the Keystone Pipeline (OH-1-2007),Application for the Keystone Pipeline ,https://apps.cer-rec.gc.ca/REGDOCS/Item/View/446070
189,3179037,A81577-2 NEB31_Goodrich_PCEM_Yr6 - A5I5Q8,https://apps.cer-rec.gc.ca/REGDOCS/File/Download/3179037,"Westcoast Energy Inc., doing Business as Spectra Energy Transmission (Westcoast)",2009-12-24 – Application for the Goodrich Re-injection Pipeline Extension,Application for the Goodrich Re-injection Pipeline Extension,https://apps.cer-rec.gc.ca/REGDOCS/Item/View/588299
190,3179140,A81582-2 NEB31_South_Max_PCEM_Yr5 - A5I5S5,https://apps.cer-rec.gc.ca/REGDOCS/File/Download/3179140,"Westcoast Energy Inc., doing Business as Spectra Energy Transmission (Westcoast)",2010-02-01 - Application for South Maxhamish Loop Project,Application for South Maxhamish Loop Project,https://apps.cer-rec.gc.ca/REGDOCS/Item/View/593411
191,3179201,A81453-1 Cutbank_BldMtn_Year 5_PCRM_Jan 2017 - A5I3T2,https://apps.cer-rec.gc.ca/REGDOCS/File/Download/3179201,NOVA Gas Transmission Ltd.,2010-09-02 - Application for the Cutbank River Lateral Loop (Bald Mountain Section),Application for the Cutbank River Lateral Loop ,https://apps.cer-rec.gc.ca/REGDOCS/Item/View/633450
192,3179202,A81454-3 Moody Crk CS_Year 3_PCRM_Jan 2017 - A5I3T6,https://apps.cer-rec.gc.ca/REGDOCS/File/Download/3179202,NOVA Gas Transmission Ltd.,2011-02-17 - Application for the Hidden Lake North and Moody Creek Compressor Stations,Application for the Hidden Lake North and Moody Creek Compressor Stations,https://apps.cer-rec.gc.ca/REGDOCS/Item/View/672909
193,3179212,A81479-2 Attachment 1 - Post-Construction Environmental Monitoring Report - Year 1 - A5I4C7,https://apps.cer-rec.gc.ca/REGDOCS/File/Download/3179212,Enbridge Pipelines Inc.,2012-12-14 - Application for the Edmonton to Hardisty Pipeline Project (OH-001-2013),Application for the Edmonton to Hardisty Pipeline Project ,https://apps.cer-rec.gc.ca/REGDOCS/Item/View/895427
194,3179307,A81454-2 Hidden Lk CS_Year 3_PCRM_Jan 2017 - A5I3T5,https://apps.cer-rec.gc.ca/REGDOCS/File/Download/3179307,NOVA Gas Transmission Ltd.,2011-02-17 - Application for the Hidden Lake North and Moody Creek Compressor Stations,Application for the Hidden Lake North and Moody Creek Compressor Stations,https://apps.cer-rec.gc.ca/REGDOCS/Item/View/672909
195,3179314,A81477-3 Environmental As-Built Report - A5I4C1,https://apps.cer-rec.gc.ca/REGDOCS/File/Download/3179314,Enbridge Pipelines Inc.,2012-12-14 - Application for the Edmonton to Hardisty Pipeline Project (OH-001-2013),Application for the Edmonton to Hardisty Pipeline Project ,https://apps.cer-rec.gc.ca/REGDOCS/Item/View/895427
196,3179364,A81579-1 Musreau Cutbank Expansion Year 1 PCMR - A5I5R7,https://apps.cer-rec.gc.ca/REGDOCS/File/Download/3179364,NOVA Gas Transmission Ltd.,2014-05-07 - Application for Musreau Cutbank Expansion,Application for Musreau Cutbank Expansion,https://apps.cer-rec.gc.ca/REGDOCS/Item/View/2453214
197,3179433,A81482-2 Attachment 1 - Post-Construction Environmental Monitoring Report - Year 1 - A5I4E6,https://apps.cer-rec.gc.ca/REGDOCS/File/Download/3179433,Enbridge Pipelines Inc.,2012-12-07 - Application for the Line 2 Replacement,Application for the Line 2 Replacement,https://apps.cer-rec.gc.ca/REGDOCS/Item/View/893373
198,3179457,A81530-3 Timberwolf_Year 3 PCRM - A5I5A4,https://apps.cer-rec.gc.ca/REGDOCS/File/Download/3179457,NOVA Gas Transmission Ltd.,2011-04-29 - Application for the Northwest Mainline Expansion (GH-2-2011),Application for the Northwest Mainline Expansion ,https://apps.cer-rec.gc.ca/REGDOCS/Item/View/685859
199,3179466,A81559-1 Moosa Crossover Pipeline Project - Post-Construction Monitoring Report - A5I5H1,https://apps.cer-rec.gc.ca/REGDOCS/File/Download/3179466,NOVA Gas Transmission Ltd.,2013-07-02 - Application for the Moosa Crossover,Application for the Moosa Crossover,https://apps.cer-rec.gc.ca/REGDOCS/Item/View/970668
200,3179634,A81444-2 Attachment 1 - Post-Construction Environmental Monitoring Report - Year 3 - A5I3Q7,https://apps.cer-rec.gc.ca/REGDOCS/File/Download/3179634,Enbridge Bakken Pipeline Company Inc.,2011-01-17 - Application for Bakken Pipeline Project Canada (OH-1-2011),Application for Bakken Pipeline Project Canada ,https://apps.cer-rec.gc.ca/REGDOCS/Item/View/661686
201,3179681,A81560-1 TransCanada_Parkway Loop Pipeline Project_Third Year Post-Construction Program Report - A5I5H3,https://apps.cer-rec.gc.ca/REGDOCS/File/Download/3179681,TransCanada PipeLines Limited,2011-11-08 - Application for 2012 Eastern Mainline Expansion,Application for 2012 Eastern Mainline Expansion,https://apps.cer-rec.gc.ca/REGDOCS/Item/View/753662
202,3179756,A81435-2 Post-Construction Environmental Monitoring and Native Prairie Monitoring Report - Year 3 - A5I3K2,https://apps.cer-rec.gc.ca/REGDOCS/File/Download/3179756,Pembina Prairie Facilities Ltd.,2011-02-07 - Application for the Vantage Pipeline Project (OH-3-2011),Application for the Vantage Pipeline Project ,https://apps.cer-rec.gc.ca/REGDOCS/Item/View/669661
203,3179771,A81474-1 Bear River Lateral Loop No.2_Five Year PCMR - A5I4A3,https://apps.cer-rec.gc.ca/REGDOCS/File/Download/3179771,NOVA Gas Transmission Ltd,2011-02-28 - Application for the Bear River Lateral Loop No. 2,Application for the Bear River Lateral Loop No. 2,https://apps.cer-rec.gc.ca/REGDOCS/Item/View/674054
204,3179772,A81475-1 Leismer to Kettle River Crossover_Third Year PCMR - A5I4A5,https://apps.cer-rec.gc.ca/REGDOCS/File/Download/3179772,NOVA Gas Transmission Ltd.,2011-07-15 - Application for the Leismer to Kettle River Crossover (GH-004-2011),Application for the Leismer to Kettle River Crossover ,https://apps.cer-rec.gc.ca/REGDOCS/Item/View/704296
205,3179818,A81581-1 Groundbirch Mnln_Year 5 PCRM - A5I5S2,https://apps.cer-rec.gc.ca/REGDOCS/File/Download/3179818,NOVA Gas Transmission Ltd.,2009-04-30 - Application for the Groundbirch Pipeline Project (GH-1-2009),Application for the Groundbirch Pipeline Project ,https://apps.cer-rec.gc.ca/REGDOCS/Item/View/555680
206,3179896,A81530-4 Cranberry_Year 3 PCRM - A5I5A5,https://apps.cer-rec.gc.ca/REGDOCS/File/Download/3179896,NOVA Gas Transmission Ltd.,2011-04-29 - Application for the Northwest Mainline Expansion (GH-2-2011),Application for the Northwest Mainline Expansion ,https://apps.cer-rec.gc.ca/REGDOCS/Item/View/685859
207,3201251,A81871-1 Norma Transmission Pipeline_3rd Yr PCM Program Report - A5J0Y4,https://apps.cer-rec.gc.ca/REGDOCS/File/Download/3201251,NOVA Gas Transmission Ltd.,2013-03-04 - Application for the Norma Transmission Pipeline,Application for the Norma Transmission Pipeline,https://apps.cer-rec.gc.ca/REGDOCS/Item/View/927564
208,3348371,"A87243-1 PCMR Year 7 CNRL Pipeline from a-65-A, 93-I-9 to 13-9-64-13 W6M (C111122) - A5W1K8",https://apps.cer-rec.gc.ca/REGDOCS/File/Download/3348371,Canadian Natural Resources Ltd.,2017-03-21 Application to Vary Board Order XG-C357-09-2010,Application to Vary Board Order XG-C357-09-2010,https://apps.cer-rec.gc.ca/REGDOCS/Item/View/3211357
209,3403030,A88692-1 XG-A083-05-2008_Post Construction Enviro Monitoring Report_DEC 14 2017  - A5Y4H6,https://apps.cer-rec.gc.ca/REGDOCS/File/Download/3403030,ARC Resources Ltd.,2008-07-09 - Application for Saddle Hills Pipeline Loop construction,Application for Saddle Hills Pipeline Loop construction,https://apps.cer-rec.gc.ca/REGDOCS/Item/View/522398
210,3434382,A89367-2 GPML Karr North - Year 5 PCMR - Jan 2018 - A5Z3X4,https://apps.cer-rec.gc.ca/REGDOCS/File/Download/3434382,NOVA Gas Transmission Ltd.,2011-02-25 - Application for the Grande Prairie Mainline Loop (Karr North and Nosehill Creek Sections),Application for the Grande Prairie Mainline Loop ,https://apps.cer-rec.gc.ca/REGDOCS/Item/View/673726
211,3435591,A89370-2 Year 5 PCEM Report - A5Z3Y4,https://apps.cer-rec.gc.ca/REGDOCS/File/Download/3435591,Pembina Energy Services Inc.,2012-08-29 - Application to Deactivate a section of the Beatton River Pipeline - LSD 12-19-83-16 W6M to LSD 11-17-84-15 W6M,Application to Deactivate a section of the Beatton River Pipeline - LSD 12-19-83-16 W6M to LSD 11-17-84-15 W6M,https://apps.cer-rec.gc.ca/REGDOCS/Item/View/858743
212,3436137,A89301-1 NGTL_Cheecham-Kettle River Expansion_Cond.6_Post-Construction Environmental Monitoring Report - A5Z3H8,https://apps.cer-rec.gc.ca/REGDOCS/File/Download/3436137,NOVA Gas Transmission Ltd.,2011-06-23 - Application for Cheecham - Kettle River Area Expansion,Application for Cheecham - Kettle River Area Expansion,https://apps.cer-rec.gc.ca/REGDOCS/Item/View/698977
213,3436360,A89367-3 GPML Nosehill - Year 5 PCMR - Jan 2018 - A5Z3X5,https://apps.cer-rec.gc.ca/REGDOCS/File/Download/3436360,NOVA Gas Transmission Ltd.,2011-02-25 - Application for the Grande Prairie Mainline Loop (Karr North and Nosehill Creek Sections),Application for the Grande Prairie Mainline Loop ,https://apps.cer-rec.gc.ca/REGDOCS/Item/View/673726
214,3461260,A89672-1 Liege_Lateral_Loop 2_Thornbury_Leismer_East_CS_Year 1_PCMR - A5Z7Y3,https://apps.cer-rec.gc.ca/REGDOCS/File/Download/3461260,NOVA Gas Transmission Ltd.,2014-09-19 - Application for the Liege Lateral Loop 2 (Thornbury Section) and Leismer East Compressor Station Project,Application for the Liege Lateral Loop 2 ,https://apps.cer-rec.gc.ca/REGDOCS/Item/View/2523776
215,3461666,A89488-1 Chinchaga Lateral Loop No. 3 - Year 3 Post-Construction Monitoring Report - A5Z5I9,https://apps.cer-rec.gc.ca/REGDOCS/File/Download/3461666,NOVA Gas Transmission Ltd.,2011-04-29 - Application for the Northwest Mainline Expansion (GH-2-2011),Application for the Northwest Mainline Expansion ,https://apps.cer-rec.gc.ca/REGDOCS/Item/View/685859
216,3461909,A89674-1 Medicine Hat Compressor Station - First Year Post-Construction Monitoring Report - A5Z7Y7,https://apps.cer-rec.gc.ca/REGDOCS/File/Download/3461909,NOVA Gas Transmission Ltd.,2015-10-30 - Application for the Medicine Hat Compressor Station,Application for the Medicine Hat Compressor Station,https://apps.cer-rec.gc.ca/REGDOCS/Item/View/2855154
217,3461911,A89683-3 Musreau Lateral Loop No. 2 Year 5 PCMR - A5Z8C4,https://apps.cer-rec.gc.ca/REGDOCS/File/Download/3461911,NOVA Gas Transmission Ltd.,2011-06-06 - Application for Cutbank - Musreau Area Expansion,Application for Cutbank - Musreau Area Expansion,https://apps.cer-rec.gc.ca/REGDOCS/Item/View/697803
218,3462221,A89565-1 Groundbirch Mainline(Saturn Section)_Year 5_PCMR_Jan 2018 - A5Z6J5,https://apps.cer-rec.gc.ca/REGDOCS/File/Download/3462221,NOVA Gas Transmission Ltd.,2010-12-09  - Application for Groundbirch Mainline (Saturn Section),Application for Groundbirch Mainline ,https://apps.cer-rec.gc.ca/REGDOCS/Item/View/657473
219,3462241,A89675-1 Tanghe Creek Lateral Loop No. 2 (Sloat Creek Section) - Fifth Year Post-Construction Monitoring Report - A5Z7Y9,https://apps.cer-rec.gc.ca/REGDOCS/File/Download/3462241,NOVA Gas Transmission Ltd.,2011-02-03 - Application for the Tanghe Creek Lateral Loop No. 2 (Sloat Creek Section),Application for the Tanghe Creek Lateral Loop No. 2 ,https://apps.cer-rec.gc.ca/REGDOCS/Item/View/667071
220,3463330,A89617-4 Horn River ML_Year 5 PCMR Jan 2018_Part3of3 - A5Z7D4,https://apps.cer-rec.gc.ca/REGDOCS/File/Download/3463330,NOVA Gas Transmission Ltd.,2010-02-19 – Application for the Horn River Project (GH-2-2010),Application for the Horn River Project ,https://apps.cer-rec.gc.ca/REGDOCS/Item/View/601085
221,3463340,A89673-1 Gordondale Lateral Loop No. 2 - Fifth Year Post-Construction Monitoring Report - A5Z7Y5,https://apps.cer-rec.gc.ca/REGDOCS/File/Download/3463340,NOVA Gas Transmission Ltd.,2010-12-07 - Application for the Gordondale Lateral Loop No. 2,Application for the Gordondale Lateral Loop No. 2,https://apps.cer-rec.gc.ca/REGDOCS/Item/View/659448
222,3463536,A89498-1 King s North Connection Pipeline Project - First Year Post-Construction Monitoring Report - A5Z5Q0,https://apps.cer-rec.gc.ca/REGDOCS/File/Download/3463536,TransCanada PipeLines Limited,2014-08-15 - Application for the King's North Connection Pipeline Project (GHW-001-2014),Application for the King's North Connection Pipeline Project ,https://apps.cer-rec.gc.ca/REGDOCS/Item/View/2498195
223,3463654,A89547-1 Norma Transmission Pipeline - Year 4 PCMR - Jan 2018 - A5Z6E5,https://apps.cer-rec.gc.ca/REGDOCS/File/Download/3463654,NOVA Gas Transmission Ltd.,2013-03-04 - Application for the Norma Transmission Pipeline,Application for the Norma Transmission Pipeline,https://apps.cer-rec.gc.ca/REGDOCS/Item/View/927564
224,3464201,A89575-1 Sunday Creek South Lateral Loop No.3_Year 3 PCMR Jan 2018 - A5Z6L5,https://apps.cer-rec.gc.ca/REGDOCS/File/Download/3464201,NOVA Gas Transmission Ltd.,2013-04-08 - Application for the Sunday Creek South Lateral Loop No. 3,Application for the Sunday Creek South Lateral Loop No. 3,https://apps.cer-rec.gc.ca/REGDOCS/Item/View/942200
225,3464433,A89707-1 Keystone Pipeline Project - 2017 Post Construction Environmental Monitoring Report - A5Z8J1,https://apps.cer-rec.gc.ca/REGDOCS/File/Download/3464433,TransCanada Keystone Pipeline GP Ltd,2006-12-12 - Application for the Keystone Pipeline (OH-1-2007),Application for the Keystone Pipeline ,https://apps.cer-rec.gc.ca/REGDOCS/Item/View/446070
226,3464785,A89803-2 Post Construction Environmental Monitoring Report - A5Z9V5,https://apps.cer-rec.gc.ca/REGDOCS/File/Download/3464785,"Westcoast Energy Inc., doing business as Spectra Energy Transmission",2016-07-12 - Application for Angusmac Creek Crossing Replacement Project,Application for Angusmac Creek Crossing Replacement Project,https://apps.cer-rec.gc.ca/REGDOCS/Item/View/3006149
227,3464871,A89683-2 Cutbank-Red Rock Year 5 PCMR - A5Z8C3,https://apps.cer-rec.gc.ca/REGDOCS/File/Download/3464871,NOVA Gas Transmission Ltd.,2011-06-06 - Application for Cutbank - Musreau Area Expansion,Application for Cutbank - Musreau Area Expansion,https://apps.cer-rec.gc.ca/REGDOCS/Item/View/697803
228,3744985,A96900-2 Attachment 1 - Post Construction Environmental Monitoring Report - Year 5 - A6Q4F4,https://apps.cer-rec.gc.ca/REGDOCS/File/Download/3744985,Enbridge Bakken Pipeline Company Inc.,2011-01-17 - Application for Bakken Pipeline Project Canada (OH-1-2011),Application for Bakken Pipeline Project Canada ,https://apps.cer-rec.gc.ca/REGDOCS/Item/View/661686
229,3745942,A97180-2 Vantage_Yr5PCEM_Report_FINAL_2019-01-05 - A6Q8S7,https://apps.cer-rec.gc.ca/REGDOCS/File/Download/3745942,Pembina Prairie Facilities Ltd.,2011-02-07 - Application for the Vantage Pipeline Project (OH-3-2011),Application for the Vantage Pipeline Project ,https://apps.cer-rec.gc.ca/REGDOCS/Item/View/669661
230,3745992,A97181-2 Post-Construction Environmental Monitoring Report - Year 1 (2018) Pouce Coupe Lateral - A6Q8T0,https://apps.cer-rec.gc.ca/REGDOCS/File/Download/3745992,Pouce Coupé Pipe Line Ltd.,2016-03-04  -  Application for the Pouce Coupé Lateral,Application for the Pouce Coupé Lateral,https://apps.cer-rec.gc.ca/REGDOCS/Item/View/2935755
231,3746587,A97266-2 Line 3 Replacement Project Post Construction Environmental Monitoring - Year 3 - A6Q9S3,https://apps.cer-rec.gc.ca/REGDOCS/File/Download/3746587,Enbridge Pipelines Inc.,2013-02-27 - Application for the Line 3 Replacement Project,Application for the Line 3 Replacement Project,https://apps.cer-rec.gc.ca/REGDOCS/Item/View/927381
232,3747553,A97573-1 Vaughan Mainline Expansion Cond 17_PCMR - A6R4H5,https://apps.cer-rec.gc.ca/REGDOCS/File/Download/3747553,TransCanada PipeLines Limited,2015-11-10 - Application for the Vaughan Mainline Expansion Project (GH-001-2016),Application for the Vaughan Mainline Expansion Project ,https://apps.cer-rec.gc.ca/REGDOCS/Item/View/2856848
233,3747555,A97574-2 Hidden Lk Comp_Year 5_PCRM_Jan 2019 - A6R4H8,https://apps.cer-rec.gc.ca/REGDOCS/File/Download/3747555,NOVA Gas Transmission Ltd.,2011-02-17 - Application for the Hidden Lake North and Moody Creek Compressor Stations,Application for the Hidden Lake North and Moody Creek Compressor Stations,https://apps.cer-rec.gc.ca/REGDOCS/Item/View/672909
234,3747701,A97574-3 Moody Crk Comp_Year 5_PCRM_Jan 2019 - A6R4H9,https://apps.cer-rec.gc.ca/REGDOCS/File/Download/3747701,NOVA Gas Transmission Ltd.,2011-02-17 - Application for the Hidden Lake North and Moody Creek Compressor Stations,Application for the Hidden Lake North and Moody Creek Compressor Stations,https://apps.cer-rec.gc.ca/REGDOCS/Item/View/672909
235,3747836,A97613-3 YEAR 1_GPML Loop 2_McLeod River PCMReport - A6R5F0,https://apps.cer-rec.gc.ca/REGDOCS/File/Download/3747836,NOVA Gas Transmission Ltd.,2015-03-31 - Application for the 2017 NGTL System Expansion (GH-002-2015),Application for the 2017 NGTL System Expansion ,https://apps.cer-rec.gc.ca/REGDOCS/Item/View/2758964
236,3748002,A97613-5 YEAR 1_Liege LL2_Pelican Lake PCMReport - A6R5F2,https://apps.cer-rec.gc.ca/REGDOCS/File/Download/3748002,NOVA Gas Transmission Ltd.,2015-03-31 - Application for the 2017 NGTL System Expansion (GH-002-2015),Application for the 2017 NGTL System Expansion ,https://apps.cer-rec.gc.ca/REGDOCS/Item/View/2758964
237,3748180,A97613-2 YEAR_1 AlcesCS_PCMReport - A6R5E9,https://apps.cer-rec.gc.ca/REGDOCS/File/Download/3748180,NOVA Gas Transmission Ltd.,2015-03-31 - Application for the 2017 NGTL System Expansion (GH-002-2015),Application for the 2017 NGTL System Expansion ,https://apps.cer-rec.gc.ca/REGDOCS/Item/View/2758964
238,3748181,A97613-4 YEAR 1_Kettle River_Christina River PCMReport - A6R5F1,https://apps.cer-rec.gc.ca/REGDOCS/File/Download/3748181,NOVA Gas Transmission Ltd.,2015-03-31 - Application for the 2017 NGTL System Expansion (GH-002-2015),Application for the 2017 NGTL System Expansion ,https://apps.cer-rec.gc.ca/REGDOCS/Item/View/2758964
239,3750340,A97680-2 Attachment 1 - Post Construction Environmental Monitoring Report - Year 3 - A6R6F7,https://apps.cer-rec.gc.ca/REGDOCS/File/Download/3750340,Enbridge Pipelines Inc.,2012-12-14 - Application for the Edmonton to Hardisty Pipeline Project (OH-001-2013),Application for the Edmonton to Hardisty Pipeline Project ,https://apps.cer-rec.gc.ca/REGDOCS/Item/View/895427
240,3750673,A97699-1 Leismer to Kettle River Crossover_Yr. 5 PCMR - A6R6V3,https://apps.cer-rec.gc.ca/REGDOCS/File/Download/3750673,NOVA Gas Transmission Ltd.,2011-07-15 - Application for the Leismer to Kettle River Crossover (GH-004-2011),Application for the Leismer to Kettle River Crossover ,https://apps.cer-rec.gc.ca/REGDOCS/Item/View/704296
241,3750899,A97720-2 Post Construction Environmental Monitoring - Year 1 - A6R7C7,https://apps.cer-rec.gc.ca/REGDOCS/File/Download/3750899,"Westcoast Energy Inc., doing business as Spectra Energy Transmission",2015-11-03 - Application for the Jackfish Lake Expansion Project,Application for the Jackfish Lake Expansion Project,https://apps.cer-rec.gc.ca/REGDOCS/Item/View/2855929
242,3751020,A97690-2 Post-Construction Environmental Monitoring Report - Year 1 - A6R6Q4,https://apps.cer-rec.gc.ca/REGDOCS/File/Download/3751020,"Westcoast Energy Inc., doing business as Spectra Energy Transmission",Notification of Operation and Maintenance Activities - 2013 Notifications,Notification of Operation and Maintenance Activities - 2013 Notifications,https://apps.cer-rec.gc.ca/REGDOCS/Item/View/901853
243,3751105,A97683-2 Attachment 1 - Post Construction Environmental Monitoring Report - Year 3 - A6R6G9,https://apps.cer-rec.gc.ca/REGDOCS/File/Download/3751105,Enbridge Pipelines Inc.,2012-12-14 - Application for the Edmonton to Hardisty Pipeline Project (OH-001-2013),Application for the Edmonton to Hardisty Pipeline Project ,https://apps.cer-rec.gc.ca/REGDOCS/Item/View/895427
244,3751108,A97686-2 Attachment 1 - Post Construction Environmental Monitoring Report - Year 3 - A6R6I3,https://apps.cer-rec.gc.ca/REGDOCS/File/Download/3751108,Enbridge Pipelines Inc.,2012-12-07 - Application for the Line 2 Replacement,Application for the Line 2 Replacement,https://apps.cer-rec.gc.ca/REGDOCS/Item/View/893373
245,3751134,A97703-2 NWML_Cranberry Section_Year 5_PCMR_Jan 2019 - A6R6W7,https://apps.cer-rec.gc.ca/REGDOCS/File/Download/3751134,NOVA Gas Transmission Ltd.,2011-10-14 - Application for Northwest Mainline Komie North Extension (GH-001-2012),Application for Northwest Mainline Komie North Extension ,https://apps.cer-rec.gc.ca/REGDOCS/Item/View/737909
246,3751136,A97703-4 NWML_Timberwolf Section_Year 5_PCMR_Jan 2019 - A6R6W9,https://apps.cer-rec.gc.ca/REGDOCS/File/Download/3751136,NOVA Gas Transmission Ltd.,2011-10-14 - Application for Northwest Mainline Komie North Extension (GH-001-2012),Application for Northwest Mainline Komie North Extension ,https://apps.cer-rec.gc.ca/REGDOCS/Item/View/737909
247,3751154,A97723-1 Eastern ML Exp._Parkway Loop Sections_Year 5 PCMR - A6R7D5,https://apps.cer-rec.gc.ca/REGDOCS/File/Download/3751154,TransCanada PipeLines Limited,2011-11-08 - Application for 2012 Eastern Mainline Expansion,Application for 2012 Eastern Mainline Expansion,https://apps.cer-rec.gc.ca/REGDOCS/Item/View/753662
248,3754529,A97973-2 Pine River Aerial Crossing Project Post-Construction Monitoring Report - Year 1 - A6S1G8,https://apps.cer-rec.gc.ca/REGDOCS/File/Download/3754529,"Westcoast Energy Inc., doing business as Spectra Energy Transmission",2016-07-15 - Application for the Pine River Aerial Crossing Project,Application for the Pine River Aerial Crossing Project,https://apps.cer-rec.gc.ca/REGDOCS/Item/View/3024883
