legal location,land use,1st year (2013) issues,2nd year (2014) pcrm assessment and work completed,3rd year (2015) pcrm assessment and work completed,4th year (2016) pcrm assessment and work completed,5th year (2017) pcrm assessment and work completed,VEC,GIS,Topic
sw-2-83-6 w4,mineral wetland / forested,none,"july 11, 2014 - 80-85% vegetation establishment compared to off-row. - rollback present on row at kp 0+025. - minor subsidence located at kp 0+050, monitor. - scentless chamomile present on row at kp 0+025. weed control recommended. july 30, 2014 - hand picked, bagged, and disposed of scentless chamomile located at kp 0+025.","june 7, 2015 - vegetation developing well along row. wetlands stable throughout tract. june 9, 2015 - vegetation on row is 85-90% compared to off-row control. - perennial sow thistle evident within tract from kp 0+000 to kp 0+130. monitor and control, as required. - rollback at beginning of tract from kp 0+025 to kp 0+100 appears to be functioning well. - subsidence noted, within rollback area remains at kp 0+050, appears stable with good vegetation establishing within. continue to monitor. july 22, 2015 - herbicide application conducted to control perennial sow thistle, scentless chamomile, and canada thistle. september 12, 2015 - perennial sow thistle, canada thistle, scentless chamomile were identified during the assessment. herbicide application was conducted to control noxious weeds.","july 11, 2016 - vegetation is well established with desirable species throughout row. - good establishment of grasses, and shrubs - wetland functioning well - no erosion or subsidence issues evident.  subsidence noted at kp 0+050 is no longer evident, issue resolved. - kp 0+010 - scentless chamomile controlled with herbicide application. september 16, 2016 - 90% vegetation established compared to off-row. - patches of perennial sow thistle were observed within access control rollback between kp 0+0250 and kp 0+120. herbicide application conducted to control.","august 2, 2017 - vegetation cover on the row is 80 - 100% compared to off-row control. good establishment of grasses and shrubs. - straightened marker posts at kp0+120 and 0+160, issue resolved. - no subsidence or erosion issues were observed.  - kp 0+025 to 0+120 - perennial sow thistle observed, recommend weed control. august 12, 2017 – kp 0+025 to 0+120 – intermittent herbicide application conducted to control perennial sow thistle and canada thistle. issue resolved. september 11, 2017 - shrubby swamp on row from kp 0+140 to 0+300 appears to be at full functionality in comparison with off-row conditions. - vegetation establishment throughout wetland is at 80-100% cover compared to off-row control. vegetation consisting of herbaceous graminoids with sporadic emergence of broadleaf shrubs. - no noxious weeds were identified in wetland.  - trench crown present through wetland but has settled. sufficient breaks present for hydrology to be maintained. no subsidence or erosional issues identified in wetland. - substrate in wetland appears healthy through uniform vegetation growth. humification occurring throughout wetland through large amounts of decomposing vegetation litter. - substrate exhibiting dry substrate with a low organic content in the topsoil layer, comparing with off-row conditions. dry substrate attributed to down sloping terrain to access road at kp 0+120. - wetland providing good habitat opportunity through good vegetation cover and sufficient snags. - wetland has achieved pre-construction contours. off-row species successfully emerging onto row. overall, no net loss of wetland function was observed.",,,
nw-2-83-6 w4,forested,low vegetation cover/low cover of weeds,"july 11, 2014 - 80-85% vegetation establishment compared to off-row, 2013 low vegetation cover issue is resolved. - scentless chamomile present on row at kp 0+300. weed control recommended. july 30, 2014 - hand picked, bagged, and disposed of scentless chamomile located at kp 0+300. - scentless chamomile present on adjacent lines located with row.","june 7, 2015 - vegetation developing well along row.  - no subsidence or erosion issues evident from aerial assessment.  - wetlands appear to be stable throughout tract. june 9, 2015 - vegetation establishment 80-90% compared to off-row control. - scentless chamomile and perennial sow thistle evident intermittently within tract from kp 0+150 to kp 0+960. recommend herbicide application. - no subsidence or erosion issues evident within tract. july 22, 2015 - herbicide application conducted to control perennial sow thistle. september 12, 2015 - vegetation well established. native vegetation appeared to be establishing on row.  - soils and slopes stable. no subsidence, erosion, or other integrity concerns were noted.  - perennial sow thistle, canada thistle, scentless chamomile were identified during the assessment.  herbicide application was conducted to control noxious weeds.","july 11, 2016 - vegetation is well established with desirable species throughout row. good establishment of grasses and shrubs.  - perennial sow thistle controlled with herbicide application. - no erosion or subsidence issues. september 16, 2016 - 80-90% vegetation established compared to off-row. - patches of perennial sow thistle were observed along row between kp 0+150 and kp 0+600.  herbicide application conducted to control. - scentless chamomile and canada thistle are no longer evident, issues resolved.","august 2, 2017 - vegetation cover on the row is 80 - 100% compared to off-row control. good establishment of grasses, shrubs, and aquatic vegetation. - no subsidence or erosion issues were observed.  - perennial sow thistle (kp 0+300 to 0+975) and scentless chamomile (kp 0+400 to 0+475) observed, recommend weed control. august 12, 2017 – kp 0+300 to 0+975 – intermittent herbicide application conducted to control perennial sow thistle and scentless chamomile.  issue resolved.",,,
,mineral wetland / treed wetland / forested,minor ponding at screw anchor sites/minor subsidence at bell-hole sites/low vegetation cover,"july 5, 2014 - good vegetation cover along row. july 11, 2014 - 80-90% vegetation establishment compared to off-row. minor patches of reduced vegetation cover present on row. - minor subsidence on ditchline located at screw anchor sites throughout tract. continue to monitor. - wetlands within tract are well vegetated and stable at this time.","june 7, 2015 - vegetation developing well along row.  - no subsidence or erosion issues evident from aerial assessment.  - wetlands appear to be stable throughout tract. june 9, 2015 - vegetation establishment 90% compared to off-row control, 2013 and 2014 low vegetation cover issues are resolved. - mineral wetland within tract appears to be stable at time of assessment. good wet-tolerant species established such as sphagnum mosses, grasses and mars marigolds. hydrology is maintained in wetland as indicated by saturated, organic soils. - no subsidence or erosion issues evident within tract.  subsidence noted in 2013, including screw anchor locations, no longer evident, issues resolved.","july 11, 2016 - vegetation is well established with desirable species throughout row. good establishment of grasses and shrubs.  - perennial sow thistle controlled with herbicide application. - no erosion or subsidence issues. september 16, 2016 - 80-90% vegetation established compared to off-row. - patches of perennial sow thistle were observed along row between kp 0+150 and kp 0+600.  herbicide application conducted to control. - scentless chamomile and canada thistle are no longer evident, issues resolved.","september 11, 2017 - woody swamp on row from kp 0+430 to 0+710 appears to be at full functionality. - vegetation establishment throughout wetland is at 80-100% cover compared to off-row control. vegetation consisting of herbaceous graminoids with sporadic emergence of broadleaf shrubs. density of broadleaf shrubs and trees increase on row at kp 0+660 to 0+710, comparing with off-row conditions. - no noxious weeds were identified in wetland.  - trench crown present through wetland. sufficient breaks present for hydrology to be maintained. no subsidence or erosional issues identified in wetland. - substrate in wetland appears healthy through uniform vegetation growth. humification occurring throughout wetland through large amounts of decomposing vegetation litter. - substrate exhibiting semi-dry substrate with a low organic content in the topsoil layer, comparing with off-row conditions. moisture and organic content in substrate increased moving down slope to the north with sphagnum moss establishment. - wetland providing good habitat opportunity through good vegetation cover and sufficient snags. - wetland has achieved pre-construction contours. off-row species successfully emerging onto row. overall, no net loss of wetland function was observed.",,,
sw 11-83-6 w4,mineral wetland / treed wetland / forested,minor ponding at screw anchor sites/minor subsidence at bell-hole sites/low vegetation cover,"july 5, 2014 - various areas of reduced vegetation cover along row. continue to monitor. july 11, 2014 - 80-90% vegetation establishment compared to off-row.  minor patches of reduced vegetation cover present on row - minor subsidence on ditchline located at screw anchor sites throughout tract. continue to monitor. - wetlands within tract are well vegetated and stable at this time. - rill erosion next to ditchline located at kp 1+050, monitor.","june 7, 2015 - vegetation developing well along row.  wetlands stable throughout tract. june 9, 2015 - 80-90% vegetation establishment compared to off-row.  minor patches of limited vegetation cover throughout tract, monitor. - minor subsidence on ditchline located at screw anchor sites throughout tract. continue to monitor. -  rill erosion next to ditchline located at kp 1+050, well vegetated at this time. continue to monitor. - wetlands within tract are stable and well vegetated at this time. - perennial sow thistle present along row at 1+000. recommend herbicide application. september 12, 2015 - vegetation well established with low shrubs and willows throughout row  - soils stable with good vegetation cover, no integrity concerns were noted.  no additional environmental concerns were identified. - herbicide application was conducted to control noxious weeds.","july 11, 2016 - vegetation is well established with desirable species throughout row. good establishment of grasses, shrubs and aquatic vegetation. all previously noted vegetation issues are resolved. - wetland functioning well - no erosion or subsidence issues. september 16, 2016 - 85% vegetation established compared to off-row. - patches of perennial sow thistle were observed along row at kp 1+600 and kp 1+700. herbicide application conducted to control. - perennial sow thistle no longer evident at kp 1+000, issue resolved. - previously noted issues with subsidence/ponding and erosion at kp 1+050 are no longer evident, issues resolved.","august 2, 2017 - vegetation cover on the row is 80 - 100% compared to off-row control. good establishment of grasses, shrubs, and aquatic vegetation. - no subsidence or erosion issues were observed.  - straightened marker post at kp 1+340 and 1+390, issue resolved. - kp 0+980 to 1+250 - perennial sow thistle observed, recommend weed control. august 12, 2017 – kp 0+980 to 1+250 – intermittent herbicide application conducted to control perennial sow thistle and common tansy.  issue resolved. september 11, 2017 - woody swamp on row from kp 1+080 to 1+360 and 1+430 to 1+500 appears to be at full functionality. - vegetation establishment throughout wetland is at 80-100% cover compared to off-row control. vegetation consisting of herbaceous graminoids, tamarack, black spruce, willow, aspen, poplar, labrador tea and sphagnum moss. hydrophytic vegetation emerging throughout wetland (common cattail). - no noxious weeds were identified in wetland.  - trench crown present through wetland but has settled. sufficient breaks present for hydrology to be maintained. no subsidence or erosional issues identified in wetland. - substrate in wetland appears healthy through uniform vegetation growth and good organic content in topsoil layer. humification occurring throughout wetland through large amounts of decomposing vegetation litter. - substrate exhibiting semi-saturated conditions, comparing with off-row.  - wetland providing good habitat opportunity through good vegetation cover and sufficient snags. - wetland has achieved pre-construction contours. off-row species successfully emerging onto row. overall, no net loss of wetland function was observed. - woody/shrubby swamp on row from kp 1+610 to 1+830 appears to be at full functionality. area within wetland along pipeline row exhibiting high peat accumulation extending to the west from kp 1+730 to 1+760. - vegetation establishment throughout wetland is at 80-100% cover compared to off-row control. vegetation consisting of herbaceous graminoids, tamarack, black spruce, willow, aspen, poplar, labrador tea and sphagnum moss. hydrophytic vegetation emerging throughout wetland (common cattail & arrowhead). - no noxious weeds were identified in wetland.  - trench crown present through wetland but has settled. sufficient breaks present for hydrology to be maintained. no subsidence or erosional issues identified in wetland. - substrate in wetland appears healthy through uniform vegetation growth and good organic content in topsoil layer. humification occurring throughout wetland through large amounts of decomposing vegetation litter. peat accumulation occurring throughout wetland. - substrate exhibiting semi-saturated conditions, comparing with off-row.  - wetland providing good habitat opportunity through good vegetation cover and sufficient snags. - wetland has achieved pre-construction contours. off-row species successfully emerging onto row. overall, no net loss of wetland function was observed.",,,
nw 11-83-6 w4,mineral wetland / treed wetland / forested,minor ponding at screw anchor sites/minor subsidence at bell-hole sites/low vegetation cover,"july 11, 2014 - 80-85% vegetation establishment compared to off-row. minor patches of reduced vegetation cover present on row. - minor subsidence on ditchline located at screw anchor sites throughout tract. continue to monitor. - wetlands within tract are well vegetated and stable at this time.","june 7, 2015 - vegetation developing well along row.  wetlands stable throughout tract. june 9, 2015 - 85% vegetation establishment compared to off-row. minor patches of limited vegetation cover throughout tract, monitor. - wetlands within tract are stable and well vegetated at this time. - rill erosion next to ditchline located at kp 2+430, well vegetated at this time. continue to monitor. - perennial sow thistle present along row at kp 2+300 and kp 2+370. recommend herbicide application to mitigate weed growth. september 12, 2015 - vegetation well established with low shrubs and willows throughout row. - minor subsidence noted along ditch line (kp 2+450), continue to monitor.  subsidence at screw anchor and bell locations noted in 2013, is no longer evident issue resolved. - soils stable with good vegetation cover. no integrity concerns were noted and no additional environmental concerns were identified.  - herbicide application conducted to control perennial sow thistle.","july 11, 2016 - vegetation is well established with desirable species throughout row. good establishment of grasses and shrubs. previous vegetation cover issues are no longer evident, issue resolved. - no erosion or subsidence issues.  erosion and subsidence noted in 2105 at kp 2+430 and 2+450 are no longer evident, issues resolved. september 16, 2016 - 85% vegetation established compared to off-row. - patches of perennial sow thistle were observed along row at kp 1+950 and kp 2+250.  herbicide application conducted to control.","august 2, 2017 - vegetation cover on the row is 80 - 100% compared to off-row control. good establishment of grasses, shrubs, and aquatic vegetation. - no subsidence or erosion issues were observed.  - kp 1+890 to 2+040 and kp 2+250 to 2+350 - perennial sow thistle observed, recommend weed control. august 12, 2017 - kp 1+890 to 2+040 and kp 2+250 to 2+350 – intermittent herbicide application conducted to control perennial sow thistle and tansy.  issue resolved. september 11, 2017 – woody swamp on row from kp 1+920 to 1+960 and 2+200 to 2+360 appears to be at full functionality. - vegetation establishment throughout wetland is at 80-100% cover compared to off-row control. vegetation consisting of herbaceous graminoids, tamarack, black spruce, willow, aspen, poplar, labrador tea and sphagnum moss. hydrophytic vegetation emerging throughout wetland (common cattail). - no noxious weeds were identified in wetland.  - trench crown present through wetland but has settled. sufficient breaks present for hydrology to be maintained. no subsidence or erosional issues identified in wetland. - substrate in wetland appears healthy through uniform vegetation growth and good organic content in topsoil layer. humification occurring throughout wetland through large amounts of decomposing vegetation litter. - substrate exhibiting semi-saturated conditions, comparing with off-row.  - wetland providing good habitat opportunity through good vegetation cover and sufficient snags. - wetland has achieved pre-construction contours. off-row species successfully emerging onto row. overall, no net loss of wetland function was observed.",,,
ne 10-83-6 w4,mineral wetland / treed wetland / forested,minor ponding at screw anchor sites/minor subsidence at bell-hole sites/low vegetation cover,"july 11, 2014 - 80-85% vegetation establishment compared to off-row.  minor patches of reduced vegetation cover present on row - minor subsidence on ditchline located at screw anchor sites throughout tract. continue to monitor. - wetlands within tract are establishing, 50-70% vegetation establishment compared to off-row at this time. - hand-picked, bagged, disposed of a single scentless chamomile plant at kp 3+400.","june 7, 2015 - vegetation be developing well along row.  wetlands stable throughout tract. june 9, 2015 - 85% vegetation establishment compared to off-row. minor patches of limited vegetation cover throughout tract, monitor. - wetlands within tract are establishing, 50-70% vegetation establishment compared to off-row. - minor subsidence at screw anchor locations throughout tract. continue to monitor. - rollback present on row at 2+850 effective at access control at time of assessment. - perennial sow thistle present along row at kp 2+650 and between kp 2+900 and kp 3+500. recommend herbicide application. scentless chamomile noted at kp 3+400 in 2014, is no longer evident, issue resolved. september 12, 2015 - vegetation well established with low shrubs and willows throughout row  - soils stable with good vegetation cover. no integrity concerns were noted and no additional environmental concerns were identified. - intermittent herbicide application was conducted to control perennial sow thistle.","july 11, 2016 - vegetation is well established with desirable species throughout row. good establishment of grasses, shrubs and aquatic vegetation.  - no erosion or subsidence issues.  previously noted subsidence/ponding is no longer evident, issue resolved. - intermittent herbicide application conducted to control perennial sow thistle. september 21, 2016 - 80-90% vegetation established compared to off-row.  reduced vegetation previously noted in wetlands and along row is no longer evident, issue resolved. - patches of perennial sow thistle observed, likely attributed to close proximity to paralleling road. - herbicide application conducted to control perennial sow thistle between kp 2+750 and kp 2+850.","august 2, 2017 - vegetation cover on the row is 80 - 100% compared to off-row control. good establishment of grasses, shrubs, and aquatic vegetation. - no subsidence or erosion issues were observed.  - perennial sow thistle (kp 2+650) and tansy (kp 2+680) observed, recommend weed control. - straightened marker post at kp3+487. issue resolved august 12, 2017 – herbicide application conducted to control perennial sow thistle (kp 2+650) and tansy (kp 2+680). issue resolved.",,,
se 15-83-6 w4,mineral wetland / treed wetland / forested,minor ponding at screw anchor sites/minor subsidence at bell-hole sites/low vegetation cover,"july 11, 2014 • 70-80% vegetation establishment compared to off-row. 2013 issue with low vegetation is resolved.","june 7, 2015 - vegetation developing well along row.  - no subsidence or erosion issues evident from aerial assessment.  - wetlands appear to be stable throughout tract. june 9, 2015 - 80% vegetation establishment compared to off-row. september 12, 2015 - vegetation well established with low shrubs and willows throughout row. - soils stable with good vegetation cover. no subsidence or other integrity concerns were noted and no additional environmental concerns were identified. subsidence at screw anchor and bell locations noted in 2013, is no longer evident issue resolved.","july 11, 2016 - vegetation is well established with desirable species throughout row. good establishment of grasses, shrubs and aquatic vegetation.  - no erosion or subsidence issues. - intermittent herbicide application conducted to control perennial sow thistle throughout the tract. september 21, 2016 - 70-80% vegetation established compared to off-row. - intermittent herbicide application conducted to control patches of perennial sow thistle.","august 2, 2017 - vegetation cover on the row is 80- 100% compared to the off-row control. native grasses clover, vetch and willows establishing. cattails, bull rushes, reed grass, and cotton grass present in low areas.  - adjacent foreign row is covered in a high density of perennial sow thistle. - kp 3+500 to 3+575 - perennial sow thistle and scentless chamomile (kp 3+500) observed, recommend weed control. august 12, 2017 - kp 3+500 to 3+575 – intermittent herbicide application conducted to control perennial sow thistle and scentless chamomile. issue resolved.",,,
sw 15-83-6 w4,mineral wetland / treed wetland / forested,minor ponding at screw anchor sites/minor subsidence at bell-hole sites/low vegetation cover,"july 5, 2014 - patches of reduced vegetation cover along row. continue to monitor. july 11, 2014 - 40-50% vegetation establishment compared to off-row. - minor subsidence on ditchline located at screw anchor sites throughout tract. continue to monitor. - wetlands within tract are establishing, 60-70% vegetation establishment compared to off-row at this time.","june 7, 2015 - vegetation developing well along row.  wetlands stable throughout tract. june 9, 2015 - 50% vegetation establishment compared to off-row, tract dominated by peat moss soil.  minor patches of limited vegetation cover throughout tract, monitor  - conifer regeneration present along row, 10-15 saplings observed. - wetlands within tract are establishing, 60-70% vegetation establishment compared to off-row. - minor subsidence at screw anchor locations throughout tract. continue to monitor. july 23, 2015 - herbicide application conducted to control perennial sow thistle. september 12, 2015 - vegetation well established with low shrubs and willows throughout row  - soils stable with good vegetation cover, no integrity concerns were noted.  no additional environmental concerns were identified  - foreign company line has stockpiled soils directly to the west of roach along this quarter section, these stockpiled soils contain large concentrations of perennial sow thistle which may negatively affect transcanada’s row, continue to monitor. - intermittent herbicide application was completed to control perennial sow thistle.","july 11, 2016- vegetation is well established with desirable species throughout row. good establishment of grasses, shrubs and aquatic vegetation. all previous vegetation issues are resolved. - no erosion or subsidence issues. previously noted subsidence resolved. - intermittent herbicide application conducted to control perennial sow thistle throughout the tract and tansy at kp 3+700. multiple paralleling foreign lines have large numbers of perennial sow thistle which continues to infest the transcanada line. september 21, 2016 – intermittent patches of perennial sow thistle observed throughout tract, primarily on ditchline. herbicide application conducted to control.","august 2, 2017 - vegetation cover on the row is 80- 100% compared to the off-row control. native grasses clover, vetch and willows establishing. cattails, bull rushes, reed grass, and cotton grass present in low areas.  - planted trees observed within tract are growing and have a low mortality rate. - rollback is present well vegetated and providing access control. paralleling lines are allowing for access around our rollback.  - no erosion or subsidence present.  - adjacent foreign row is covered in a high density of perennial sow thistle. - kp 3+575 – 4+100 - perennial sow thistle and common tansy (kp 4+100) observed, recommend weed control. august 12, 2017 - kp 3+575 – 4+100 – intermittent herbicide application conducted to control perennial sow thistle and tansy.  issue resolved.",,,
nw 15-83-6 w4,mineral wetland / treed wetland / forested,minor ponding at screw anchor sites/minor subsidence at bell-hole sites/low vegetation cover,"july 11, 2014 - vegetation cover is 70-80% of off-row. kp 5+000 - 5+150 30-40% vegetation cover, continue to monitor vegetation • wetlands throughout vegetation cover 50-60% of off-row, continue to monitor vegetation • minor water ponding within screw anchor holes","june 7, 2015 - vegetation developing well along row. wetlands stable throughout tract. june 9, 2015 - 80% vegetation establishment compared to off-row. minor patches of limited vegetation cover throughout tract, monitor. - minor subsidence at screw anchor locations throughout tract. continue to monitor. - perennial sow thistle present along row at kp 4+775. recommend herbicide application. july 23, 2015 - herbicide application conducted to control perennial sow thistle. september 12, 2015 - grasses and small forbs were observed throughout the row. - soils stable with good vegetation cover, no integrity concerns were noted. no additional environmental concerns were identified.","july 11, 2016 - vegetation comprised of desirable species throughout row.  good establishment of grasses, shrubs and aquatic vegetation   - kp 5+000 – herbicide application conducted to control common tansey. - no erosion or subsidence issues.  previously noted subsidence at bell holes and screw piles are no longer evident, issues resolved. september 21, 2016 - 70-80% vegetation established compared to off-row. previous vegetation density issues resolved. - intermittent herbicide application conducted to control perennial sow thistle, primarily on ditchline.","august 2, 2017 - vegetation cover on the row is 80- 100% compared to the off-row control. native grasses clover, vetch and willows establishing. cattails, bull rushes, reed grass, and cotton grass present in low areas.  - planted trees observed within tract are growing and have a low mortality rate. - no erosion or subsidence present.  - adjacent foreign row is covered in a high density of perennial sow thistle  - kp 4+400 and 4+800 to 5+200 - perennial sow thistle and common tansy (kp 5+100) observed, recommend weed control. august 12, 2017 - kp 4+400 and 4+800 to 5+200 – intermittent herbicide application conducted to control perennial sow thistle and tansy. issue resolved.",,,
sw 22-83-6 w4,mineral wetland / treed wetland / forested,minor ponding at screw anchor sites/minor subsidence at bell-hole sites/low vegetation cover,"july 5, 2014 - good vegetation emergence within wetland area. minor patches of reduced vegetation cover present on row. july 11, 2014 -  vegetation cover 40-60% of off-row, continue to monitor - wetlands throughout tract vegetation cover 60-80% of off-row - minor water ponding within screw anchor holes","june 7, 2015 - vegetation developing well along row. wetlands stable throughout tract. june 9, 2015 - 60% vegetation establishment compared to off-row.  minor patches of limited vegetation cover throughout tract, monitor. - wetlands within tract are establishing, 60-80% vegetation establishment compared to off-row. - minor subsidence at screw anchor locations throughout tract. continue to monitor. july 23, 2015 - herbicide application conducted to control perennial sow thistle. september 12, 2015 - grasses and small forbs were observed throughout the row.  - soils stable with good vegetation cover, no integrity concerns were noted.  no additional environmental concerns were identified.","july 11, 2016 - vegetation is well established with desirable species throughout row. good establishment of grasses, shrubs and aquatic vegetation   - intermittent herbicide application conducted to control perennial sow thistle throughout the tract. paralleling foreign line has large numbers of perennial sow thistle which continues to infest the transcanada line. - wetland functioning well - no erosion or subsidence issues.  previously noted bell hole and screw anchor subsidence issues resolved. september 21, 2016 - 70-80% vegetation established compared to off-row. previously noted vegetation issues resolved. - patches of perennial sow thistle were observed along row at kp 5+400, kp 5+800 and kp 5+950.  herbicide application conducted to control.","august 2, 2017 - vegetation cover on the row is 80- 100% compared to the off-row control. native grasses clover, vetch and willows establishing. cattails, bull rushes, reed grass, and cotton grass present in low areas.  - no erosion or subsidence present.  - adjacent foreign row is covered in a high density of perennial sow thistle  - kp 5+400 to 5+830 - perennial sow thistle observed, recommend weed control. august 12, 2017 - kp 5+400 to 5+830 – intermittent herbicide application conducted to control perennial sow thistle. issue resolved.",,,
nw 22-83-6 w4,mineral wetland / treed wetland / forested,minor ponding at screw anchor sites/minor subsidence at bell-hole sites/low vegetation cover,"july 11, 2014 - vegetation cover is 70-80% of off-row throughout tract - wetland vegetation 80-90% of off-row - minor subsidence and water ponding at screw anchor locations throughout tract","june 7, 2015 - vegetation developing well along row. - no subsidence or erosion issues evident from aerial assessment. subsidence at screw anchor and bell locations noted in 2013, is no longer evident, issue resolved. - wetlands stable throughout tract. june 10, 2015 - 80% vegetation establishment compared to off-row.  minor patches of limited vegetation cover throughout tract, monitor. - wetlands within tract are stable and well vegetated. - perennial sow thistle present along row at kp 6+370. recommend herbicide application. - erosion along east side of ditchline at kp 6+500, rill is well vegetated. continue to monitor. july 23, 2015 - herbicide application conducted to control perennial sow thistle. september 12, 2015 - grasses and small forbs were observed throughout the row. - soils stable with good vegetation cover, no subsidence or other integrity concerns were noted. - silt fence was collected and removed from the south bank of watercourse crossing.","july 11, 2016 - vegetation is well established with desirable species throughout row. good establishment of grasses and shrubs. previously noted vegetation cover issues resolved. - intermittent herbicide application conducted to control perennial sow thistle. paralleling foreign line has large numbers of perennial sow thistle which continues to infest the transcanada line. - no erosion or subsidence issues. erosion noted at kp 6+500, in 2015, is no longer evident, issue resolved. september 21, 2016 - patches of perennial sow thistle observed along row at kp 6+150 and kp 6+550.  herbicide application conducted to control.","august 2, 2017 - vegetation cover on the row is 80- 100% compared to the off-row control. grasses clover, vetch, common labrador tea and willows establishing.  cattails, bull rushes, reed grass, and cotton grass present in low areas.  - no erosion or subsidence present.  - kp 6+100– 6+700 - perennial sow thistle observed, recommend weed control. august 12, 2017 – kp 6+100 to 6+700 – intermittent herbicide application conducted to control perennial sow thistle. issue resolved.",,,
sw 27-83-6 w4,mineral wetland / treed wetland / forested,minor ponding at screw anchor sites/minor subsidence at bell-hole sites/low vegetation cover,"july 11, 2014 - vegetation cover is 60-70% of off-row - wetland vegetation cover 80-90% of off-row","june 7, 2015 - vegetation developing well along row.  wetlands stable throughout tract. june 10, 2015 - 70% vegetation establishment compared to off-row. minor patches of limited vegetation cover throughout tract, monitor. - minor subsidence due to screw anchors within peat moss dominated section of tract. continue to monitor. - wetlands within tract are stable and well vegetated at this time. - rollback access control is in good condition. july 23, 2015 - perennial sow thistle located, herbicide application conducted to control. september 12, 2015 - grasses and small forbs were observed throughout the row.  - soils stable with good vegetation cover, no integrity concerns were noted. no additional environmental concerns were identified.","july 11, 2016 - vegetation is well established with desirable species throughout roo. good establishment of grasses and shrubs. previously noted vegetation issues resolved. - no erosion or subsidence issues. previously noted subsidence, at bell holes and screw anchors, issues resolved. - kp 7+450 – herbicide application conducted to control perennial sow thistle. september 21, 2016 – herbicide application conducted to control perennial sow thistle at kp 7+600.","august 2, 2017 - vegetation cover on the row is 80- 100% compared to the off-row control. grasses clover, vetch and willows establishing. cattails, bull rushes, reed grass, and cotton grass present in low areas.  - no erosion or subsidence present.  - kp 7+150 and 7+640 sign and marker posts straightened and stabilized. issue resolved. - kp 7+150 to 7+640 - perennial sow thistle observed, recommend weed control. august 12, 2017 – kp 7+150 to 7+640 – intermittent herbicide application conducted to control perennial sow thistle. issue resolved.",,,
nw 27-83-6 w4,mineral wetland / treed wetland / forested,minor ponding at screw anchor sites/minor subsidence at bell-hole sites/low vegetation cover,"july 5, 2014 - good vegetation emergence along row. july 11, 2014 - vegetation cover within wetlands 80-100% of off-row - vegetation cover between kp 8+200 to 8+300 is 40 - 60% of off-row, continue to monitor vegetation.","june 7, 2015 - vegetation developing well along row.  - no subsidence or erosion issues evident from aerial assessment.  - wetlands stable throughout tract. june 10, 2015 - 85 - 100% vegetation establishment compared to off-row. minor patches of limited vegetation cover throughout tract, including kp 8+200 to 8+300, monitor. - wetlands within tract are stable and well vegetated. - perennial sow thistle present along row from kp 7+950 to kp 8+200. canada thistle present along row at kp 8+200. recommend herbicide application. - erosion along east side of ditchline at kp 8+300, well vegetated. continue to monitor. july 23, 2015 - herbicide application conducted to control perennial sow thistle. september 12, 2015  - vegetation well established with low shrubs and willows throughout row - soils stable with good vegetation cover, no subsidence or other integrity concerns were noted. no additional environmental concerns were identified. subsidence at screw anchor and bell locations noted in 2013, is no longer evident, issue resolved. - herbicide application was conducted to control perennial sow thistle and canada thistle.","july 11, 2016 - vegetation is well established with desirable species throughout row. good establishment of grasses and shrubs. previously noted low vegetation cover issues resolved. - no erosion or subsidence issues. erosion noted in 2015 at kp 8+300 is no longer evident, issue resolved. - intermittent herbicide application conducted to control perennial sow thistle. september 21, 2016 – herbicide application conducted to control patches of canada thistle (kp 8+000) and perennial sow thistle (kp 7+780 to 8+850) along row. - stood up marker posts and ttranscanada sign at kp 8+350.","august 2, 2017 - vegetation cover on the row is 80- 100% compared to the off-row control. grasses clover, vetch, raspberry and willows establishing. cattails, bull rushes, reed grass, and cotton grass present in low areas. good growth of aspen and willows. - no erosion or subsidence present.  - planted coniferous trees are doing well good recent growth and low mortality rate.  - kp 7+850 to 8+300 - perennial sow thistle observed, recommend weed control. august 13, 2017 – kp 7+850 to 8+300 – intermittent herbicide application conducted to control perennial sow thistle. issue resolved. september 11, 2017 - woody swamp on row from kp 8+390 to 8+420 appears to be at full functionality. wetland has been geographically assigned to hill slope resulting in dry conditions. - vegetation establishment throughout wetland is at 80-100% cover compared to off-row control. vegetation consisting of herbaceous graminoids, poplar, willow and alder with sporadic emergence of broadleaf shrubs - no noxious weeds were identified in wetland.  - trench crown present through wetland but has settled. sufficient breaks present for hydrology to be maintained. no subsidence or erosional issues identified in wetland. - substrate in wetland appears healthy through uniform vegetation growth. minimal humification occurring throughout wetland through decomposing vegetation litter, comparing with off-row conditions. - substrate exhibiting dry substrate with a low organic content in the topsoil layer, comparing with off-row conditions. dry substrate attributed to down sloping terrain. - wetland providing good habitat opportunity through good vegetation cover and sufficient snags. - wetland has achieved pre-construction contours. off-row species successfully emerging onto row. overall, no net loss of wetland function was observed.",,,
ne 28-83-6 w4,mineral wetland / treed wetland / forested,minor ponding at screw anchor sites/minor subsidence at bell-hole sites/low vegetation cover,"july 11, 2014 - vegetation cover is 70-80% of off-row. low vegetation issue noted in 2013 resolved.","june 7, 2015 - vegetation developing well along row.  - no subsidence or erosion issues evident from aerial assessment.  - wetlands stable throughout tract. june 10, 2015 - 90% vegetation establishment compared to off-row. high willow/alder regeneration within tract. - no noxious weeds observed during assessment. july 23, 2015 - herbicide application conducted to control perennial sow thistle. september 12, 2015 - vegetation well established with low shrubs and willows throughout row - soils stable with good vegetation cover, no subsidence or other integrity concerns were noted. no additional environmental concerns were identified. subsidence at screw anchor and bell locations noted in 2013, is no longer evident, issue resolved.","july 11, 2016 - vegetation is well established with desirable species throughout row. good establishment of grasses and shrubs.  - no erosion or subsidence issues. no noxious weeds identified. september 21, 2016 - 90% vegetation established compared to off-row. - herbicide application conducted to control patches of perennial sow thistle at kp 8+550.","august 2, 2017 - vegetation cover on the row is 80- 100% compared to the off-row control. grasses clover, vetch, raspberry and willows establishing. cattails, bull rushes, reed grass, and cotton grass present in low areas.  - no erosion or subsidence present.  - no noxious weeds observed on tract.  august 13, 2017 – intermittent herbicide application conducted to control perennial sow thistle. issue resolved. september 11, 2017 - woody swamp on row from kp 8+450 to 8+560 appears to be at full functionality. wetland has been geographically assigned to hill slope resulting in dry conditions. - vegetation establishment throughout wetland is at 80-100% cover compared to off-row control. vegetation consisting of herbaceous graminoids, pine, poplar, willow and alder with sporadic emergence of broadleaf shrubs - no noxious weeds were identified in wetland.  - trench crown present through wetland but has settled. sufficient breaks present for hydrology to be maintained. no subsidence or erosional issues identified in wetland. - substrate in wetland appears healthy through uniform vegetation growth. minimal humification occurring throughout wetland through decomposing vegetation litter, comparing with off-row conditions. - substrate exhibiting dry substrate with a low organic content in the topsoil layer, comparing with off-row conditions. dry substrate attributed to down sloping terrain. - wetland providing good habitat opportunity through good vegetation cover and sufficient snags. - wetland has achieved pre-construction contours. off-row species successfully emerging onto row. overall, no net loss of wetland function was observed.",,,
se-33-83-6 w4,mineral wetland / treed wetland / forested,minor ponding at screw anchor sites/minor subsidence at bell-hole sites/low vegetation cover,"july 11, 2014 - vegetation cover is 40-60% of off-row - minor subsidence and water ponding at screw anchor locations throughout tract - wetland vegetation coming in very well throughout tract with 80-90% vegetation cover of off-row","june 7, 2015 - vegetation developing well along row.  - no subsidence issues evident from aerial assessment.  - wetlands stable throughout tract. june 10, 2015 - 60% vegetation establishment compared to off-row. minor patches of limited vegetation cover throughout tract, monitor. - wetlands within tract are stable and well vegetated. - perennial sow thistle present along row at kp 8+700 and 9+050. recommend herbicide application. - erosion along east side of ditchline at kp 9+150, rill is poorly vegetated at this time. continue to monitor. september 12, 2015 - vegetation well established with low shrubs and willows throughout row. - noxious weed control no longer required at kp 8+700 and 9+050, continue to monitor in 2016 and implement weed control measures, as required. - soils and slopes stable with good vegetation cover, no subsidence or other integrity concerns were noted.  no additional environmental concerns were identified.  subsidence at screw anchor and bell locations noted in 2013, is no longer evident, issue resolved.","july 11, 2016 - vegetation is well established with desirable species throughout row. good establishment of grasses and shrubs. previous vegetation cover issues resolved. - no erosion or subsidence issues. erosion noted in 2015 at kp 9+150 is no longer evident, issue resolved.  previous subsidence issues are no longer evident, issues resolved. - no noxious weeds identified. september 21, 2016 – herbicide application conducted to control patches of perennial sow thistle at kp 8+800 to kp 9+200.","august 2, 2017 - vegetation cover on the row is 80- 100% compared to the off-row control. grasses clover, vetch and willows establishing. cattails, bull rushes, reed grass, and cotton grass present in low areas.  - no erosion or subsidence present.  - kp 8+700 and 9+200 to 9+400 - perennial sow thistle observed, recommend weed control. august 13, 2017 - kp 8+700 and 9+200 to 9+400 – intermittent herbicide application conducted to control perennial sow thistle.  issue resolved. september 11, 2017 - woody swamp on row from kp 8+640 to 8+680 appears to be at full functionality. wetland has been geographically assigned to hill slope resulting in semi-dry conditions. - vegetation establishment throughout wetland is at 80-100% cover compared to off-row control. vegetation consisting of herbaceous graminoids, poplar, willow and alder with sporadic emergence of broadleaf shrubs. sphagnum mosses establishing in areas along pipeline row. - no noxious weeds were identified in wetland.  - trench crown present through wetland but has settled. sufficient breaks present for hydrology to be maintained. no subsidence or erosional issues identified in wetland. - substrate in wetland appears healthy through uniform vegetation growth. humification occurring throughout wetland through decomposing vegetation litter. - substrate exhibiting semi-dry substrate with a 10cm organic content in the topsoil layer, comparing with off-row conditions. drier substrate attributed to down sloping terrain. - wetland providing good habitat opportunity through good vegetation cover and sufficient snags. - wetland has achieved pre-construction contours. off-row species successfully emerging onto row. overall, no net loss of wetland function was observed. - woody swamp on row from kp 8+740 to 8+990 appears to be at full functionality. - vegetation establishment throughout wetland is at 80- 100% cover compared to off-row control. vegetation consisting of herbaceous graminoids, sphagnum moss, alder, willow, tamarack, black spruce and labrador tea. hydrophytic vegetation establishing well throughout wetland (arrowhead & common cattail). - trench crown present through wetland but has settled. sufficient breaks present for hydrology to be maintained. no subsidence or erosional issues identified in wetland. - substrate in wetland appears healthy through uniform vegetation growth and good organic content in topsoil layer. humification occurring throughout wetland through large amounts of decomposing vegetation litter. - substrate exhibiting semi-saturated conditions, comparing with off-row.  - wetland providing good habitat opportunity through good vegetation cover and sufficient snags. - wetland has achieved pre-construction contours. off-row species successfully emerging onto row. overall, no net loss of wetland function was observed.",,,
,forested,low vegetation cover,july 11 • vegetation cover is 40-60% of off-row - minor subsidence and water ponding at screw anchor locations throughout tract,"june 7, 2015 - vegetation developing well along row.  - no subsidence or erosion issues evident from aerial assessment.  subsidence noted in screw anchors no longer evident, issue resolved. - wetlands appear to be stable throughout tract. june 10, 2015 - 60% vegetation establishment compared to off-row. minor patches of limited vegetation cover throughout tract, monitor. - rutting east of ditchline at kp 9+300, monitor. september 12, 2015 - vegetation well established with low shrubs and willows throughout row - soils and slopes stable with good vegetation cover, no subsidence or other integrity concerns were noted.  no additional environmental concerns were identified.","july 11, 2016 - vegetation is well established with desirable species throughout row. good establishment of grasses and shrubs. previous vegetation cover issues resolved. - no erosion or subsidence issues. rutting noted in 2015 at kp 9+300 is no longer evident, issue resolved.  previous subsidence issues are no longer evident, issues resolved. - no noxious weeds identified. september 21, 2016 – herbicide application conducted to control patches of perennial sow thistle at kp 8+800 to kp 9+200.","august 2, 2017 - vegetation cover on the row is 80- 100% compared to the off-row control. grasses clover, vetch and willows establishing.  cattails, bull rushes, reed grass, and cotton grass present in low areas.  - no erosion or subsidence present.  - kp 8+700 and 9+200 to 9+400 - perennial sow thistle observed, recommend weed control. august 13, 2017 - kp 8+700 and 9+200 to 9+400 – intermittent herbicide application conducted to control perennial sow thistle.  issue resolved.",,,
sw 33-83-6 w4,mineral wetland / treed wetland / forested,low vegetation cover,"july 11, 2014 - vegetation cover is 80-90% of off-row.  2013 vegetation cover issue resolved.","june 7, 2015 - vegetation developing well along row.  - no subsidence or erosion issues evident from aerial assessment.  - wetlands stable throughout tract. june 10, 2015 - 90% vegetation establishment compared to off-row. - perennial sow thistle present along row at kp 9+550. recommend herbicide application. september 12, 2015 - vegetation well established with low shrubs and willows throughout row. - noxious weed control no longer required at kp 9+550, continue to monitor in 2016 and implement weed control measures, as required. - soils and slopes stable with good vegetation cover, no subsidence or other integrity concerns were noted.  no additional environmental concerns were identified.","july 11, 2016 - vegetation is well established with desirable species throughout row.  good establishment of grasses and shrubs.  - common weeds present, comparable to adjacent lands. - no erosion or subsidence issues. - intermittent herbicide application conducted to control perennial sow thistle. september 21, 2016 - 90% vegetation established compared to off-row. - intermittent herbicide application conducted to control patches of perennial sow thistle at kp 9+450.","august 2, 2017 - vegetation cover on the row is 80- 100% compared to the off-row control. grasses clover, vetch, raspberry, broadleaf shrubs and willows establishing. cattails, bull rushes, reed grass, and cotton grass present in low areas.  - trench crown present and appears to be stable with a moderate height within tract. - no erosion or subsidence present.  - kp 9+400 to 9+550 - perennial sow thistle observed, recommend weed control. august 13, 2017 – kp 9+400 to 9+550 – intermittent herbicide application conducted to control perennial sow thistle and canada thistle.  issue resolved.",,,
sw 33-83-6 w4,watercourse,none,"july 11, 2014 - vegetation cover is 80-90% of off-row - marker posts missing from creek crossing on both sides at 9+650 - creek crossing looks good at 9+650, crossing was hdd, so there was no disturbance during construction","june 10, 2015 - watercourse crossing in good condition, no marker posts installed, install in 2016. september 12, 2015 - watercourse crossings appeared to be stable and well vegetated at time of assessment. water was observed to be freely flowing and construction activities did not appear to be impacting water course.","july 11, 2016 - - meadow creek – kp 9+700 – slow moving, banks vegetated and stable.  september 21, 2016 - watercourse crossing located at kp 9+660. - banks are stable and well vegetated. no issues. - placed marker posts and transcanada sign, issue resolved.","august 2, 2017 - meadow creek – no issues noted.",,,
nw 33-83-6 w4,mineral wetland / treed wetland / forested,low vegetation cover,"july 5, 2014 - water has ponded on ditchline at screw anchor sites at multiple locations along the pipeline. july 12, 2014 - 80-85% vegetation establishment compared to off-row.  2013 vegetation issue resolved. - wetlands within tract are well vegetated and stable at this time.","june 7, 2015 - vegetation developing well along row.  - no subsidence or erosion issues evident from aerial assessment. ponded water noted at screw anchors sites was no longer evident, issue resolved. - wetlands stable throughout tract. june 10, 2015 - vegetation on row is 85% compared to off-row control. - roach stable with vegetation beginning to establish on it. cross drains are functioning well at this time. - wetlands within tract stable with good wet-tolerant vegetation establishment such as grasses and bulrushes. hydrology appears to be maintained through wetland as indicated by saturated, organic soils. september 12, 2015 - vegetation well established. - soils stable with good vegetation cover, no subsidence or other integrity concerns were noted.  no additional environmental concerns were identified.","july 11, 2016 - vegetation is well established with desirable species throughout row.  good establishment of vetch, grasses and shrubs.  - no erosion or subsidence issues. - there has been recent disturbance on the east and west side of row. - intermittent herbicide application conducted to control perennial sow thistle.  september 21, 2016 - 90% vegetation established compared to off-row. - intermittent herbicide application conducted to control patches of perennial sow thistle along row at kp 10+400, kp 10+500 and kp 10+650.","august 2, 2017 - vegetation cover on the row is 80 - 100% compared to off-row control. good establishment of grasses and shrubs - no subsidence or erosion issues were observed.  - kp 10+410 to 10+650 - perennial sow thistle observed, recommend weed control. august 13, 2017 – kp 10+410 to 10+650 – intermittent herbicide application conducted to control perennial sow thistle, tansy and scentless chamomile.  issue resolved. september 11, 2017 - woody swamp on row from kp 9+760 to 9+910 and shrubby swamp from kp 9+980 to 10+080 appear to be at full functionality. - vegetation establishment throughout wetland is at 80-100% cover compared to off-row control. vegetation consisting of herbaceous graminoids and willow. hydrophytic vegetation emerging throughout wetland (common cattail & bulrush) with submergent vegetation establishing in standing water areas. - no noxious weeds were identified in wetland.  - trench crown present through wetland but has settled due to influence from saturation. sufficient breaks present for hydrology to be maintained. no subsidence or erosional issues identified in wetland. - substrate in wetland appears healthy through high moisture retention, uniform vegetation growth and good organic content in topsoil layer. humification occurring throughout wetland through large amounts of decomposing vegetation litter. - substrate exhibiting fully saturated conditions; standing water present throughout wetland.  - wetland providing good habitat opportunity through good vegetation cover, standing water and sufficient snags. - wetland has achieved pre-construction contours. off-row species successfully emerging onto row. overall, no net loss of wetland function was observed.",,,
nw 33-83-6 w4,watercourse,none,"july 5, 2014 - transcanada pipeline markers have fallen over at kp 9+950.  july 12, 2104 • 80-85% vegetation establishment compared to off-row. - transcanada pipeline marker sign had fallen over at kp 9+950. sign and markers repositioned, issue resolved.","june 7, 2015 - no issues evident at watercourse. june 10, 2015 - no issues noted within watercourse.  september 12, 2015 - vegetation well established  - soils stable with good vegetation cover, no subsidence or other integrity concerns were noted.  no additional environmental concerns were identified.",no issues noted.,"august 2, 2017 - no issues noted.",,,
nw 33-83-6 w4,mineral wetland / treed wetland / forested,low vegetation cover,"july 5, 2014 - water has ponded on ditchline at screw anchor sites at multiple locations along the pipeline. july 12, 2104 - 80-85% vegetation establishment compared to off-row. - wetlands within tract are well vegetated and stable at this time.  2013 low vegetation issue resolved.","june 7, 2015 - vegetation developing well along row.  - no subsidence issues evident from aerial assessment. ponded water noted at screw anchors sites was no longer evident, issue resolved. - wetlands stable throughout tract. june 10, 2015 - vegetation on row is 85% comparable to off-row control. - perennial sow thistle at kp 10+340 and kp 10+450 to kp 10+760. recommend herbicide application. - roach stable with vegetation beginning to establish on it. cross drains are functioning well at this time. - wetlands within tract appear to be stable with good wet-tolerant vegetation establishment such as grasses and bulrushes. hydrology appears to be maintained through wetland as indicated by saturated, organic soils. - erosion across row at foreign pipeline crossing at kp 10+480. areas are vegetating at this time. continue to monitor. september 12, 2015 - vegetation well established. - noxious weed control no longer required at kp 10+340 and kp 10+450 to 10+760, continue to monitor in 2016 and implement weed control measures, as required. - soils and slopes stable with good vegetation cover, no subsidence or other integrity concerns were noted.","july 11, 2016 - vegetation is well established with desirable species throughout row.  good establishment of vetch, grasses and shrubs.  - no erosion or subsidence issues.  erosion noted in 2015 at kp 10+480 is no longer evident, issue resolved. - there has been recent disturbance on the east and west side of row. - intermittent herbicide application conducted to control perennial sow thistle.  september 21, 2016 - 90% vegetation established compared to off-row. - intermittent herbicide application conducted to control patches of perennial sow thistle along row at kp 10+400, kp 10+500 and kp 10+650.","september 11, 2017 - woody swamp on row from kp 10+130 to 10+350 appears to be at full functionality. - vegetation establishment throughout wetland is at 80-100% cover compared to off-row control. vegetation consisting of herbaceous graminoids and willow. hydrophytic vegetation emerging throughout wetland (common cattail & bulrush) with submergent vegetation establishing in standing water areas. - no noxious weeds were identified in wetland. - trench crown present through wetland but has settled due to influence from saturation. sufficient breaks present for hydrology to be maintained. no subsidence or erosional issues identified in wetland. - substrate in wetland appears healthy through high moisture retention, uniform vegetation growth and good organic content in topsoil layer. humification occurring throughout wetland through large amounts of decomposing vegetation litter. - substrate exhibiting fully saturated conditions; standing water present throughout wetland.  - wetland providing good habitat opportunity through good vegetation cover, standing water and sufficient snags. - wetland has achieved pre-construction contours. off-row species successfully emerging onto row. overall, no net loss of wetland function was observed.",,,
sw 4-84-6 w4,mineral wetland / treed wetland / forested,low vegetation cover,"july 12, 2014 - 70-80% vegetation establishment compared to off-row. minor patches of reduced vegetation cover present on row. - minor subsidences on ditchline located at screw anchor sites throughout tract. continue to monitor. - wetlands within tract are well vegetated and stable at this time. - two scentless chamomile plants were handpicked, bagged, and disposed of on ditchline at kp 11+275. - erosion control berms are stable and well vegetated.","june 7, 2015 - vegetation developing well along row.  - no subsidence or erosion issues evident from aerial assessment.  - wetlands stable throughout tract. june 10, 2015 - vegetation on row is 80-85% comparable to off-row control.  low vegetation noted in 2013 is resolved. - perennial sow thistle found throughout majority of tract. recommend herbicide application. - row parallels open camp for northeast half of tract. - roach stable and showing vegetation establishment. cross drains are functioning well. - wetland within tract stable with good wet tolerant vegetation establishment. hydrology appears to be maintained as indicated through open water.  diversion berms leading to wetland appear to be functioning well with good vegetation establishment. - no subsidence or erosional issues evident within tract.  2013 subsidence noted at screw anchors resolved. september 12, 2015 - vegetation well established with low shrubs and willows throughout row  - soils and slopes stable with good vegetation cover, no subsidence or other integrity concerns were noted.  no additional environmental concerns were identified. - intermittent herbicide application conducted to control perennial sow thistle, common tansy, and scentless chamomile.","july 11, 2016 - vegetation is well established with desirable species throughout row. good establishment of vetch, grasses and shrubs.  - no erosion or subsidence issues. - intermittent herbicide application conducted to control perennial sow thistle and scentless chamomile. - kp 11+300 to 11+400 – herbicide application conducted to control common tansy, foreign campsite to north of row likely source of weeds. september 21, 2016 - 90% vegetation established compared to off-row. - herbicide application conducted to control patches of perennial sow thistle at kp 10+850, kp 11+100, kp 11+200 and kp 11+500.","august 2, 2017 - vegetation cover on the row is 80 - 100% compared to off-row control. good establishment of grasses, shrubs, and aquatic vegetation. - no subsidence or erosion issues were observed.  - perennial sow thistle (kp 10+800 to 11+300 and 11+550), tansy (kp 11+270 to 11+400), and scentless chamomile (kp 11+200 and 11+450) observed recommend weed control. - at kp 11+200 – foreign pipeline crossing, work was not completed at this time. august 13, 2017 – intermittent herbicide application conducted to control perennial sow thistle (kp 10+800 to 11+300 and 11+550), tansy (kp 11+270 to 11+400), and scentless chamomile (kp 11+200 and 11+450).  issue resolved. september 12, 2017 -woody swamp on row from kp 10+910 to 11+120 and kp 11+190 to 11+250 appears to be at full functionality. - vegetation establishment throughout wetland is at 80-100% cover compared to off-row control. vegetation consisting of aspen, willow, poplar, broadleaf shrubs and herbaceous graminoids. - trench crown present through wetland but has settled over time. sufficient breaks present for hydrology to be maintained. slight area of subsidence at foreign pipeline crossing (kp 11+200), not a result of transcanada; no work required. - substrate in wetland appears healthy through uniform vegetation growth. humification occurring throughout wetland through the decomposing vegetation litter. low organic content in topsoil layer comparing with off-row conditions. - wetland providing good habitat opportunity through good vegetation cover and sufficient snags. - wetland has achieved pre-construction contours. conifer species to emerge onto row over time as tertiary successional species; leave for natural recovery. overall, no net loss of wetland function was observed.",,,
nw 4-84-6 w4,mineral wetland / treed wetland / forested,low vegetation cover,"july 5, 2014 - good vegetation emergence along row. july 12, 2014 - 75-85% vegetation establishment compared to off-row. low vegetation noted in 2013 is resolved. - wetlands within tract are well vegetated and stable at this time.","june 7, 2015 - vegetation developing well along row.  - no subsidence issues evident from aerial assessment.  - wetlands stable throughout tract. june 10, 2015 - vegetation establishment appears to be 85% comparable to off-row control. - perennial sow thistle from kp 12+475 to kp 12+670. recommend herbicide application. - roach stable with good vegetation establishment. cross drains are functioning well at this time. - wetlands throughout tract stable with establishment of wetland indicative species such as sphagnum mosses and grasses. hydrology appears to be maintained as indicated through open water and saturated soils. - minor erosion, within cross drain at kp 12+050, monitor. september 12, 2015 - vegetation well established with low shrubs and willows throughout row - soils and slopes stable with good vegetation cover, no subsidence or other integrity concerns were noted.  no additional environmental concerns were identified.  - intermittent herbicide application conducted to control perennial sow thistle and scentless chamomile.","july 11, 2016 - vegetation is well established with desirable species throughout row. good establishment of vetch and grasses.  - no erosion or subsidence issues.  erosion noted in 2015 at kp 12+050 is no longer evident, issue resolved. - intermittent herbicide application conducted to control perennial sow thistle.  scentless chamomile no longer evident, issue resolved. september 21, 2016 - 80-90% vegetation established compared to off-row. - intermittent herbicide application conducted to control patches of perennial sow thistle. - stood up marker posts and transcanada sign at kp 12+200, issue resolved.","august 2, 2017 - vegetation cover on the row is 80 - 100% compared to off-row control. good establishment of grasses, shrubs, and aquatic vegetation. - no subsidence or erosion issues were observed.  - perennial sow thistle (kp 12+000), tansy (kp 12+120) and scentless chamomile (kp 12+010) observed, recommend weed control. august 13, 2017 – intermittent herbicide application conducted to control perennial sow thistle (kp 12+000), tansy (kp 12+120) and scentless chamomile (kp 12+010).  issue resolved. september 12, 2017 – woody swamp on row from kp 12+600 to 12+690 and kp 12+790 to 12+870 appears to be at full functionality. - vegetation establishment throughout wetland is at 80-100% cover compared to off-row control. vegetation consisting of aspen, willow, poplar, broadleaf shrubs, herbaceous graminoids, labrador tea and sphagnum mosses. - no noxious weeds were identified in wetland.  - trench crown present through wetland but has settled over time. sufficient breaks present for hydrology to be maintained. no subsidence or erosional issues identified in wetland. - substrate in wetland appears healthy through uniform vegetation growth. humification occurring throughout wetland through the decomposing vegetation litter. moderate organic content in topsoil layer, comparing with off-row conditions. - substrate exhibiting semi-saturated conditions, comparing with off-row conditions.  - wetland providing good habitat opportunity through good vegetation cover and sufficient snags. - wetland has achieved pre-construction contours. conifer species to emerge onto row over time as tertiary successional species; leave for natural recovery. overall, no net loss of wetland function was observed.",,,
ne 4-84-6 w4,mineral wetland / treed wetland / forested,low vegetation cover,"july 12, 2014 - vegetation cover is 80% of off-row","june 7, 2015 - vegetation developing well along row.  - no subsidence or erosion issues evident from aerial assessment.  - wetlands stable throughout tract. june 10, 2015 - vegetation throughout tract is 85% compared to off-row control. low vegetation noted in 2013 is resolved. - perennial sow thistle found throughout majority of tract. recommend herbicide application. - roach stable with vegetation establishing. cross drains are functioning well at this time. - no subsidence or erosional issues evident within tract. september 12, 2015 - vegetation well established with low shrubs and willows throughout row - soils and slopes stable with good vegetation cover, no subsidence or other integrity concerns were noted.  no additional environmental concerns were identified. - intermittent herbicide application conducted to control perennial sow thistle and scentless chamomile.","july 11, 2016 - vegetation is well established with desirable species throughout row.  good establishment of vetch and grasses.  - no erosion or subsidence issues. - intermittent herbicide application to control perennial sow thistle throughout tract. september 21, 2016 - 80-90% vegetation established compared to off-row. - intermittent herbicide application conducted to control patches of perennial sow thistle.  scentless chamomile is no longer evident, issue resolved.","august 2, 2017 - vegetation cover on the row is 80 - 100% compared to off-row control. good establishment of grasses and shrubs. - no subsidence or erosion issues were observed.  - kp 12+740 to 12+760 - perennial sow thistle observed, recommend weed control. august 13, 2017 - kp 12+740 to 12+760 – intermittent herbicide application conducted to control perennial sow thistle and tansy.  issue resolved.",,,
se-9-84-6 w4,mineral wetland / treed wetland / forested,low vegetation cover,"july 12, 2014 - vegetation cover 70-90% of off-row. low vegetation noted in 2013 is resolved. - wetlands throughout tract vegetation cover 80-90% of off-row.","june 7, 2015 - vegetation developing well along row.  - no subsidence or erosion issues evident from aerial assessment.  - wetlands stable throughout tract. june 10, 2015 - vegetation establishment is 90% comparable to off-row control. - perennial sow thistle at kp 12+750 and kp 13+050 to kp 13+280. recommend herbicide application. - roach stable with good vegetation establishment. cross drains appear to be functioning well at this time. - wetlands within tract stable with good wet-tolerant vegetation establishment. hydrology appears to be maintained indicated by standing water and saturated, organic soils. - no subsidence or erosional issues evident within tract. september 12, 2015 - vegetation well established with low shrubs and willows throughout row - soils and slopes stable with good vegetation cover, no subsidence or other integrity concerns were noted.  no additional environmental concerns were identified. - herbicide application conducted to control perennial sow thistle.","july 11, 2016 - vegetation is well established with desirable species throughout row. good establishment of vetch and grasses.  - no erosion or subsidence issues. - kp 13+200 – recent disturbance at this location, with access gained from the east of the row. monitor in 2017. - intermittent herbicide application conducted to control perennial sow thistle throughout tract. september 21, 2016 - 90% vegetation established compared to off-row. - herbicide application conducted to control patches of perennial sow thistle at kp 13+000 and kp 13+370 and scentless chamomile at kp 13+470.","august 2, 2017 - vegetation cover on the row is 80 - 100% compared to off-row control. good establishment of grasses and shrubs. - no subsidence or erosion issues were observed.  - kp 12+860 to 12+870, 13+120 to 13+140 and 13+250 - perennial sow thistle observed, recommend weed control. august 13, 2017 - kp 12+860 to 12+870, 13+120 to 13+140 and 13+250 – intermittent herbicide application conducted to control perennial sow thistle.  issue resolved.",,,
se-9-84-6 w4,forested,low vegetation cover,"july 12, 2014 - vegetation cover 70-90% of off-row. low vegetation noted in 2013 is resolved.","june 7, 2015 - vegetation developing well along row. - no subsidence or erosion issues evident from aerial assessment.  - wetlands stable throughout tract. june 10, 2015 - vegetation establishment is 90% compared to off-row control. - roach stable with good vegetation establishment. cross drains appear to be functioning well at this time. - no subsidence or erosional issues evident within tract. september 12, 2015 - vegetation well established with low shrubs and willows throughout row. - soils and slopes stable with good vegetation cover, no subsidence or other integrity concerns were noted.  no additional environmental concerns were identified.  - perennial sow thistle identified and intermittent herbicide application conducted.","july 11, 2016 - vegetation is well established with desirable species throughout row. good establishment of vetch and grasses.  - no erosion or subsidence issues. - kp 13+200 – recent disturbance at this location, with access gained from the east of the row. monitor in 2017. - intermittent herbicide application conducted to control perennial sow thistle throughout tract. september 21, 2016 - 90% vegetation established compared to off-row. - herbicide application conducted to control patches of perennial sow thistle at kp 13+000 and kp 13+370 and scentless chamomile at kp 13+470.","august 2, 2017 - vegetation cover on the row is 80 - 100% compared to off-row control. good establishment of grasses and shrubs. - no subsidence or erosion issues were observed.  - kp 12+860 to 12+870, 13+120 to 13+140 and 13+250 - perennial sow thistle observed, recommend weed control. august 13, 2017 - kp 12+860 to 12+870, 13+120 to 13+140 and 13+250 – intermittent herbicide application conducted to control perennial sow thistle.  issue resolved.",,,
ne-9-84-6 w4,mineral wetland / forested,low vegetation cover,,"june 7, 2015 - - wetlands within tract stable with good wetland indicative vegetation. hydrology appears to be maintained as indicated by standing water and saturated, organic soils.",,"september 12, 2017 - woody swamp on row from kp 13+750 to 13+920 appears to be at full functionality. - vegetation establishment throughout wetland is at 80-100% cover compared to off-row control. vegetation consisting of aspen, willow, poplar, broadleaf shrubs, herbaceous graminoids, labrador tea and sphagnum mosses. - no noxious weeds were identified in wetland.  - trench crown present through wetland but has settled over time. sufficient breaks present for hydrology to be maintained. no subsidence or erosional issues identified in wetland. - substrate in wetland appears healthy through uniform vegetation growth. humification occurring throughout wetland through the decomposing vegetation litter. moderate organic content in topsoil layer, comparing with off-row conditions. - substrate exhibiting semi-saturated conditions, comparing with off-row conditions.  - wetland providing good habitat opportunity through good vegetation cover and sufficient snags. - wetland has achieved pre-construction contours. conifer species to emerge onto row over time as tertiary successional species; leave for natural recovery. overall, no net loss of wetland function was observed.",,,
,forested,weeds,"july 5, 2014 - good vegetation emergence along row.  july 12, 2014 - vegetation cover is 70-80% of off-row throughout tract - kp 13+650 reduced vegetation cover at 40-50% of off-row - scentless chamomile from 14+000 to meter station at the end of section, recommend weed control. july 30, 2014 - hand-picked, bagged, and disposed of scentless chamomile located at kp 14+000 near the cheecham meter station.","june 7, 2015 - vegetation developing well along row.  - no subsidence or erosion issues evident from aerial assessment.  - wetlands stable throughout tract. june 10, 2015 - vegetation establishment appears to be 75-85% compared to off-row control. low vegetation noted in 2013 and 2014 is resolved. - perennial sow thistle found from kp 13+840 to kp 14+290, where scentless chamomile was found around the perimeter of cheecham west meter station. recommend herbicide application. - roach stable with good vegetation establishment. cross drains appear to be functioning well. - no subsidence or erosional issues evident within tract. september 12, 2015  - vegetation was determined to be well established with low shrubs and willows throughout row. - noxious weed control no longer required from kp 13+840 to kp 14+290, continue to monitor in 2016 and implement weed control measures, as required. - soils and slopes stable with good vegetation cover, no subsidence or other integrity concerns were noted.  no additional environmental concerns were identified.","july 11, 2016 - vegetation is well established with desirable species throughout row. good establishment of vetch and grasses.  - no erosion or subsidence issues. - the recent wild fires have affected this tract. growth has re-established well.  - intermittent herbicide application conducted to control perennial sow thistle throughout entire tract. september 21, 2016 - 80-90% vegetation established compared to off-row. -intermittent herbicide application conducted to control patches of perennial sow thistle at kp 13+800, kp 13+900 and kp 14+100. - no noxious weeds observed within cheecham meter station at kp 14+250. no scentless chamomile evident on the row.  issues resolved.","august 2, 2017 - vegetation cover on the row is 80 - 100% compared to off-row control. good establishment of grasses, shrubs, and aquatic vegetation. - no subsidence or erosion issues were observed. - scentless chamomile (kp 13+330) and perennial sow thistle (kp 13+690 to 13+710 and 14+260) observed, recommend weed control. august 13, 2017 – intermittent herbicide application conducted to control scentless chamomile (kp 13+330) and perennial sow thistle (kp 13+690 to 13+710 and 14+260). issue resolved.",,,
